PARTICIPANT_ID,AGE
0,52
1,38.76666
2,42.375
3,16
4,32
5,13
6,27
7,33.5
8,32
9,37
10,37
11,23.75
12,47
13,52
14,27
15,47
16,32
17,34.46666666666667
18,28.7778
19,42
20,42
21,52
22,26.5
23,35.666666666666664
24,42
25,53
26,47
27,47
28,42
29,47
30,32
31,21
32,56
33,42
34,36.75
35,42
36,42
37,32
38,41.166650000000004
39,42
40,32
41,32
42,42
43,27
44,47
45,47
46,53.375
47,32
48,64.25
49,42
50,47
51,27
52,27
53,32
54,37
55,32
56,27
57,32
58,27
59,26
60,32
61,27
62,42
63,32
64,36.333333333333336
65,47.833349999999996
66,48
67,21
68,47
69,16
70,27
71,42
72,36
73,42
74,27
75,36
76,18.5
77,53.5
78,37
79,52
80,52
81,32
82,52
83,42
84,27
85,53.5
86,32
87,36
88,37
89,32
90,42
91,42
92,46.555566666666664
93,53.5
94,42
95,34.5
96,53.25
97,37
98,42
99,36
100,45
101,21
102,47
103,32.5
104,46.166650000000004
105,25
106,21.833333333333332
107,47
108,27
109,52
110,21
111,32
112,27
113,37
114,45.5
115,37
116,57
117,40.666666666666664
118,21
119,52
120,33.5
121,30.333333333333332
122,27.5
123,47
124,46
125,36
126,32
127,57
128,20.25
129,46.333333333333336
130,32
131,32
132,54.15
133,27
134,52
135,27
136,13
137,35.33334
138,42
139,62
140,37.95
141,46
142,36
143,21
144,37
145,32.666666666666664
146,27
147,21
148,48.666666666666664
149,42
150,52
151,21
152,21
153,46
154,33.5
155,27
156,43.5
157,45.93334
158,33.5
159,27
160,32
161,27
162,35.5
163,42
164,52
165,32
166,42
167,62
168,44.25
169,27
170,32.5
171,52
172,35.275
173,42
174,47
175,27
176,39.5
177,27
178,32
179,13
180,32
181,37.833333333333336
182,52
183,67
184,27
185,43
186,37
187,46
188,21
189,52.083333333333336
190,34
191,42
192,42.75
193,38.5
194,26
195,21
196,42
197,37
198,41.125
199,47
200,42
201,47
202,54.5
203,26.166666666666668
204,42
205,44.166666666666664
206,53.5
207,45.42666
208,37
209,42
210,36
211,21
212,43.5
213,32
214,22.75
215,49.5
216,21
217,32.375
218,37
219,37
220,27
221,38.333333333333336
222,37
223,32
224,42
225,47
226,47
227,36
228,27
229,35.44446666666666
230,27
231,18.4
232,21
233,42
234,16
235,27
236,43.3889
237,47
238,52
239,42
240,36
241,32
242,52
243,52
244,37
245,21
246,25.33335
247,36.333333333333336
248,43.5
249,27
250,27
251,52
252,42
253,47
254,32
255,21
256,42
257,43.5
258,51.0625
259,42.5
260,22
261,52
262,47
263,21
264,32
265,37
266,62
267,42
268,16
269,27
270,45
271,32
272,33.5
273,61
274,19
275,62
276,52
277,52
278,37
279,42
280,51
281,32
282,37.3
283,21
284,35.333333333333336
285,52
286,56.77776666666667
287,42
288,37
289,37
290,57
291,47.333333333333336
292,62
293,21
294,52
295,32
296,42.75
297,27
298,37
299,53
300,27
301,32
302,25.888899999999996
303,53.5
304,27
305,21
306,37
307,21
308,37
309,37
310,21
311,13
312,27
313,42
314,42
315,28.05
316,39.5
317,39.166650000000004
318,37
319,42.5
320,37
321,42.5
322,35.760000000000005
323,35.291650000000004
324,21
325,37
326,42
327,36.333333333333336
328,32
329,37
330,21
331,24.25
332,44.23286
333,32
334,37
335,40.875
336,47
337,42
338,57
339,32
340,27
341,37
342,56.75
343,26
344,34.666666666666664
345,28.5
346,27
347,49.25
348,21
349,33.6
350,36.5
351,27
352,37
353,23.333333333333332
354,57
355,45
356,37
357,36
358,56
359,37.125
360,32
361,32
362,27
363,37
364,36.333333333333336
365,21
366,47
367,32
368,42
369,32
370,37
371,43.833349999999996
372,37
373,57
374,43.5
375,33.5
376,27
377,62
378,32
379,56.1111
380,32
381,36
382,47
383,29.444433333333336
384,49.5006
385,53.5
386,21
387,46.3
388,46
389,27
390,42
391,32
392,37
393,43.5
394,60.9
395,42
396,47
397,42
398,21.5
399,32
400,52
401,16
402,26
403,36
404,42
405,21.25
406,37
407,37
408,42
409,27
410,26.75
411,43.5
412,46.333333333333336
413,42
414,47
415,50.25
416,50.5
417,27
418,32
419,30.9
420,43.25
421,52.35
422,32
423,57
424,26.333333333333332
425,59.5
426,33
427,13.5
428,46
429,47
430,37
431,27
432,34.666666666666664
433,27
434,39
435,47
436,57
437,42
438,36.3333
439,16.5
440,57
441,21
442,55.86666
443,35
444,47
445,32
446,52
447,0
448,47
449,29.5
450,47
451,21
452,21
453,27
454,37
455,42
456,32.5
457,32
458,67
459,32
460,42
461,50.6
462,42
463,44.333333333333336
464,42
465,27
466,32
467,37
468,47
469,26
470,57
471,42
472,37
473,27
474,61
475,55.666666666666664
476,55.97776666666667
477,46
478,37
479,37
480,42
481,49.1111
482,36.77776666666667
483,34.4
484,27
485,32
486,33.42262
487,49.5
488,32
489,43.5
490,32
491,32
492,37
493,32
494,47
495,36.5
496,53.5
497,42
498,21
499,32
500,36.333333333333336
501,37
502,26
503,33.5
504,42
505,47
506,52
507,32
508,47
509,32
510,50.8889
511,47
512,42
513,37
514,37
515,47.625
516,42
517,43
518,53.5
519,37
520,21
521,27
522,47
523,37
524,37
525,27
526,33.5
527,42
528,37
529,36
530,24
531,46.666650000000004
532,42
533,62
534,21
535,37
536,38.5
537,21
538,52
539,35.5
540,33.5
541,57
542,47
543,37
544,42
545,52.333333333333336
546,27
547,21
548,24
549,54.916675
550,27
551,36.55
552,57
553,21
554,42
555,44.25
556,42
557,36.166666666666664
558,47
559,46
560,37
561,21
562,37
563,32
564,26.5
565,52
566,13
567,21
568,52
569,21
570,21
571,27
572,32
573,46.333333333333336
574,28.5
575,42
576,27
577,53.1875
578,32
579,47
580,55.5
581,37
582,32
583,42
584,32
585,57
586,30.333333333333332
587,37
588,28.666666666666668
589,37.833325
590,18
591,23
592,48.125
593,26
594,46
595,37
596,37
597,27
598,42
599,47
600,44.1111
601,33.5
602,37
603,34.5
604,27
605,47
606,36.5
607,27
608,52
609,36
610,39.625
611,42
612,47
613,36.1111
614,21
615,44.5
616,37
617,42
618,46
619,27
620,57
621,54
622,37
623,21
624,35.333333333333336
625,32
626,37
627,52
628,30.111100000000004
629,25.6667
630,44
631,16
632,43.5
633,42
634,37.75
635,52
636,32
637,47
638,44.625
639,41
640,62
641,42
642,30.75
643,47
644,52
645,34.166666666666664
646,27
647,42
648,27
649,31.55
650,26.5
651,57
652,57
653,35.791675
654,36
655,21
656,43.5
657,32.375
658,37
659,26
660,27
661,52
662,27
663,37
664,35.333333333333336
665,43.5
666,32
667,47.666666666666664
668,21
669,40.25
670,56
671,28.83335
672,27
673,45
674,43
675,32
676,36.166666666666664
677,38.7
678,47
679,53.5
680,16
681,46
682,47
683,42
684,41
685,21
686,42
687,29.111100000000004
688,57
689,37
690,40.166666666666664
691,26
692,21.25
693,47
694,27
695,27
696,27
697,32
698,37
699,24.66666
700,29
701,32
702,33.5
703,27
704,39.5
705,27
706,37
707,37
708,42.6
709,36
710,21
711,26
712,37
713,42
714,21
715,21
716,29.5
717,52
718,32
719,45.666666666666664
720,27
721,54.3
722,34
723,52
724,46.166675
725,52
726,32
727,42
728,42
729,37
730,52
731,21
732,47
733,21
734,35.333333333333336
735,37
736,43.5
737,32
738,31.333333333333332
739,27
740,38
741,32
742,37
743,52
744,33
745,40.333333333333336
746,32
747,27
748,39.5
749,32
750,27
751,44.33094
752,27
753,43.666666666666664
754,44
755,67
756,37
757,37
758,46.333333333333336
759,42
760,57
761,37
762,37
763,26.5
764,47
765,43.5
766,33.5
767,27
768,0
769,37
770,48.5
771,32
772,42
773,22.125
774,62
775,25.6667
776,32.833333333333336
777,50.25
778,42
779,23
780,44.5
781,21
782,27
783,32
784,52
785,37
786,32.75
787,36
788,24.5
789,27
790,54.875
791,21
792,25.83335
793,32
794,33.75
795,46.25
796,57
797,35.8889
798,32.5
799,42
800,36
801,25.66665
802,47
803,52.5
804,24.5
805,34.875
806,32.75
807,36
808,32
809,37
810,42
811,35.75
812,47
813,37
814,26
815,43
816,42
817,20
818,27
819,52
820,38.6667
821,39.8889
822,46.4
823,52
824,61.166666666666664
825,32
826,32
827,52
828,42
829,37
830,42
831,21
832,37
833,27
834,56.5
835,42
836,27
837,32
838,27
839,27
840,21
841,47.625
842,32
843,27.5
844,24
845,32
846,64.5
847,57
848,52
849,27
850,37
851,47
852,52.75
853,21
854,32
855,25.5
856,32
857,27.75
858,39.5
859,57
860,21
861,62.5
862,34.75
863,47
864,57
865,32
866,21
867,37
868,47
869,21
870,25.75
871,27
872,42
873,44.666666666666664
874,44.13334
875,25
876,42
877,27
878,37
879,32
880,42
881,52
882,40.25
883,39
884,37
885,37
886,25.5
887,37
888,27
889,42
890,13
891,42
892,37
893,62
894,52
895,42
896,34.5
897,37
898,44.75
899,29
900,42
901,41
902,21
903,32
904,47
905,47
906,21
907,27
908,49.75
909,42
910,42
911,27
912,37
913,27
914,32
915,47
916,27
917,33.25
918,49
919,44.25
920,32.75
921,37
922,47
923,57
924,54.4
925,37
926,50.583325
927,25.33335
928,42.8
929,27
930,42
931,56.5
932,21
933,42.625
934,37
935,52
936,43.125
937,52
938,32
939,57
940,44.5
941,42.5
942,23
943,52
944,37
945,37
946,21
947,27
948,53.5
949,21
950,42
951,33.5
952,47
953,31
954,37
955,56
956,28
957,47.333333333333336
958,42
959,37
960,21.5
961,37
962,5
963,32
964,21
965,46.333333333333336
966,50.26666
967,43.5
968,37
969,47
970,52
971,32
972,27
973,21
974,32
975,32
976,36
977,54.166666666666664
978,27
979,32
980,42
981,43.5
982,57
983,47
984,22.33335
985,32
986,24
987,42
988,18.5
989,36
990,21
991,47
992,21
993,32
994,37
995,52
996,42
997,27
998,27
999,42
1000,47
1001,27
1002,21
1003,53.5
1004,24.29772
1005,46
1006,70
1007,54.4
1008,32
1009,26.266666666666666
1010,37
1011,36.333333333333336
1012,47
1013,27
1014,42
1015,52
1016,32
1017,43.25
1018,33.5
1019,23
1020,33.333333333333336
1021,37
1022,42
1023,42
1024,47.56
1025,36
1026,46
1027,52.5
1028,34
1029,37
1030,37
1031,57
1032,52
1033,32
1034,37
1035,45.5
1036,36
1037,62
1038,52
1039,27
1040,47
1041,36
1042,52
1043,21
1044,52
1045,33.5
1046,47
1047,32
1048,31.166666666666668
1049,45.25
1050,26
1051,32
1052,47
1053,46.1111
1054,44.25
1055,52
1056,21
1057,61
1058,32
1059,32
1060,43.5
1061,42
1062,57
1063,57
1064,47
1065,47
1066,21
1067,32
1068,37.333333333333336
1069,21
1070,57
1071,42
1072,37
1073,27
1074,33.5
1075,21.166666666666668
1076,35
1077,38.5
1078,32
1079,34.5
1080,30.566679999999998
1081,32
1082,42
1083,42
1084,27
1085,21
1086,56
1087,35.5
1088,32
1089,37
1090,21
1091,26
1092,37
1093,27
1094,47
1095,42
1096,52
1097,32
1098,27
1099,54.5
1100,21
1101,28.666666666666668
1102,43.5
1103,52
1104,37
1105,37
1106,58.1111
1107,32
1108,42
1109,32
1110,27
1111,37
1112,42.1111
1113,42.75
1114,21
1115,32
1116,26.25
1117,42
1118,28.5
1119,37
1120,67.85556666666668
1121,36.22223333333333
1122,42
1123,52
1124,16
1125,45.25
1126,27
1127,42
1128,26
1129,47
1130,27
1131,54.025
1132,53.75
1133,21
1134,52.5
1135,30.25
1136,52
1137,32
1138,42
1139,31.833333333333332
1140,37
1141,42
1142,53.5
1143,47
1144,34.25
1145,46.77776666666667
1146,21
1147,22.125
1148,23
1149,32
1150,21
1151,32
1152,32.75
1153,47
1154,0
1155,42.666666666666664
1156,42
1157,44.25
1158,42
1159,43.0625
1160,32
1161,43.95
1162,45.93334
1163,27
1164,52
1165,34.625
1166,32
1167,33.875
1168,21
1169,41.16666
1170,21
1171,32
1172,52
1173,37
1174,42
1175,32
1176,37
1177,57
1178,16
1179,32
1180,62
1181,47
1182,21
1183,27
1184,21
1185,37
1186,40.333333333333336
1187,37
1188,27
1189,42
1190,27
1191,25.2
1192,47
1193,32
1194,19.75
1195,27
1196,27
1197,62
1198,27
1199,40.833333333333336
1200,42
1201,27
1202,45.5
1203,43
1204,36
1205,27
1206,56
1207,37
1208,36.333349999999996
1209,27
1210,27
1211,27
1212,57
1213,34.5
1214,44.5
1215,23.3333
1216,62
1217,52
1218,34.416675
1219,33.5
1220,42
1221,21.5
1222,40.875
1223,27
1224,32.660000000000004
1225,27
1226,28
1227,27
1228,27
1229,10.5
1230,42
1231,47
1232,37
1233,33.5
1234,67
1235,49.5
1236,33.5
1237,53.5
1238,37
1239,36.416675
1240,42
1241,21
1242,27
1243,32
1244,43.5
1245,37
1246,21
1247,59.533339999999995
1248,40
1249,32
1250,42
1251,37
1252,42
1253,45.3889
1254,37
1255,48.5
1256,32
1257,47
1258,36
1259,45.5625
1260,44.333333333333336
1261,21.5
1262,47
1263,47
1264,37
1265,27
1266,43.5
1267,42
1268,37
1269,44.25
1270,36
1271,37
1272,32
1273,52
1274,47
1275,24
1276,42
1277,27
1278,52
1279,21.5
1280,52
1281,42
1282,42
1283,42
1284,34.666666666666664
1285,27
1286,52
1287,36
1288,27
1289,34
1290,52.75
1291,53.5
1292,32.5
1293,31
1294,47
1295,37
1296,60.791675
1297,37
1298,42
1299,42
1300,42
1301,30
1302,42
1303,37
1304,57
1305,60.333333333333336
1306,37
1307,23.6667
1308,27
1309,46.358325
1310,32
1311,32
1312,42
1313,55.4
1314,43.28666
1315,52.3333
1316,47
1317,52
1318,23.75
1319,42.75
1320,47
1321,25.583325000000002
1322,33.5
1323,51.25
1324,54.25
1325,24
1326,24
1327,28.5
1328,32
1329,27
1330,21
1331,37
1332,23
1333,37
1334,31.933325
1335,27
1336,52
1337,42
1338,33.5
1339,36
1340,42
1341,21
1342,52
1343,21
1344,42
1345,53.5
1346,21
1347,42
1348,18
1349,47
1350,30.666666666666668
1351,60.316359999999996
1352,42
1353,28.833325000000002
1354,22.333333333333332
1355,46
1356,42
1357,37
1358,36.5
1359,42
1360,35.833349999999996
1361,47
1362,37
1363,32
1364,42
1365,43.7
1366,46.666666666666664
1367,16.5
1368,47
1369,45.072925
1370,47
1371,32
1372,27
1373,57
1374,52
1375,55.1375
1376,37
1377,27
1378,32
1379,32
1380,47
1381,57
1382,42
1383,42
1384,27
1385,52
1386,27
1387,37
1388,45.833333333333336
1389,52
1390,47
1391,37
1392,37
1393,26
1394,32
1395,52
1396,21
1397,42
1398,42
1399,21
1400,37
1401,21
1402,37
1403,52
1404,52
1405,26
1406,32
1407,47
1408,32
1409,62
1410,37
1411,32
1412,32
1413,39
1414,32
1415,27
1416,32
1417,37
1418,37
1419,36
1420,42
1421,34.333333333333336
1422,52
1423,47
1424,47
1425,42
1426,28.666666666666668
1427,34
1428,45.5
1429,37
1430,36
1431,32
1432,47
1433,37.166666666666664
1434,51.5625
1435,27
1436,38.666666666666664
1437,49
1438,42
1439,32
1440,57
1441,32
1442,35.333333333333336
1443,37
1444,21
1445,55.410725
1446,41.375
1447,48.5
1448,42
1449,57
1450,33.5
1451,18.5
1452,42
1453,47
1454,52
1455,52
1456,37
1457,45.25
1458,27
1459,42
1460,37
1461,56.75
1462,47
1463,33.5
1464,21
1465,26.333333333333332
1466,21
1467,32
1468,16.5
1469,47
1470,42
1471,47
1472,52
1473,21
1474,47
1475,32
1476,57.375
1477,22.25
1478,38
1479,47
1480,49.25
1481,27
1482,54.5
1483,37
1484,27
1485,40.75
1486,17.333333333333332
1487,27
1488,45.3
1489,30.5
1490,34.5
1491,27
1492,28.888899999999996
1493,36.333333333333336
1494,21
1495,27
1496,21
1497,32.75
1498,37
1499,42
1500,53.5
1501,55.75
1502,24.5
1503,36
1504,32
1505,21
1506,27
1507,47
1508,52
1509,37
1510,32
1511,27
1512,27
1513,25.5
1514,37
1515,33.5
1516,33.5
1517,47
1518,36.083325
1519,36.5
1520,35.625
1521,52
1522,29.58335
1523,33.5
1524,27
1525,42
1526,29.875
1527,46
1528,37
1529,37.4
1530,42
1531,37
1532,21
1533,37
1534,52
1535,40.333333333333336
1536,32
1537,52
1538,52
1539,31.5
1540,42
1541,21
1542,36
1543,47
1544,37
1545,43.5
1546,40.5
1547,27
1548,47
1549,52
1550,45.5
1551,46
1552,27
1553,52
1554,45
1555,33.5
1556,27
1557,32
1558,42
1559,46
1560,42
1561,42
1562,33.25
1563,44
1564,57
1565,37
1566,31.3125
1567,56
1568,40.833333333333336
1569,48.5
1570,52
1571,26
1572,54.5
1573,37
1574,37
1575,21.5
1576,32
1577,37
1578,42
1579,42
1580,50
1581,41.3
1582,26.5
1583,21
1584,36.333333333333336
1585,36.333333333333336
1586,37
1587,57
1588,37
1589,37
1590,54.5
1591,30.75
1592,21
1593,37
1594,52
1595,37
1596,63.666666666666664
1597,27
1598,67.84666
1599,39.5
1600,34
1601,33.5
1602,43
1603,37
1604,27
1605,52
1606,52
1607,52
1608,27
1609,27
1610,32
1611,32
1612,30.083325000000002
1613,42
1614,28.5
1615,27
1616,57
1617,37
1618,54.25
1619,37
1620,37
1621,31
1622,32
1623,27
1624,32
1625,27
1626,52
1627,32
1628,47
1629,42
1630,53.666666666666664
1631,36.5
1632,36
1633,33
1634,47
1635,47
1636,27
1637,34
1638,21
1639,21
1640,32
1641,32
1642,34.77776666666667
1643,32
1644,27
1645,37
1646,28.5
1647,16.5
1648,47
1649,49.5
1650,30.25
1651,37
1652,39.5
1653,33.5
1654,32
1655,32
1656,37
1657,52
1658,37
1659,57
1660,37
1661,26
1662,37
1663,47
1664,27
1665,42
1666,42
1667,21
1668,54
1669,43.74644
1670,42
1671,32
1672,32
1673,26.111100000000004
1674,27.5
1675,36
1676,52
1677,50.5
1678,21.25
1679,42
1680,48.6
1681,37
1682,19
1683,32
1684,57
1685,54.5
1686,21
1687,37
1688,57
1689,34.6
1690,39.333333333333336
1691,38.666666666666664
1692,42
1693,44
1694,32
1695,43.5
1696,42
1697,37
1698,37
1699,39.5
1700,21
1701,37
1702,42
1703,21
1704,45.666666666666664
1705,32
1706,42
1707,46
1708,32
1709,52
1710,42
1711,39.216660000000005
1712,42
1713,36.25
1714,47
1715,27
1716,57
1717,36
1718,47
1719,26
1720,27
1721,27
1722,32
1723,32
1724,42
1725,21
1726,43.375
1727,53.5
1728,27
1729,27
1730,32
1731,40.666666666666664
1732,67.25
1733,63.1111
1734,27
1735,21
1736,32
1737,21
1738,44
1739,21
1740,43.5
1741,32
1742,43.1111
1743,21
1744,32
1745,52
1746,42
1747,52
1748,37.555566666666664
1749,47
1750,28.25
1751,37
1752,37
1753,33.2
1754,42
1755,45.833333333333336
1756,16
1757,42
1758,21
1759,42
1760,57
1761,36.6
1762,53.5
1763,22
1764,47
1765,32
1766,32
1767,32
1768,42
1769,32.5
1770,27
1771,21
1772,47
1773,29.5
1774,25.6875
1775,47
1776,28.25
1777,42
1778,49.5
1779,47
1780,36
1781,42
1782,40.77776666666667
1783,29.5
1784,37
1785,45.5
1786,47
1787,33.5
1788,32
1789,21
1790,57
1791,32.75
1792,52.944433333333336
1793,52
1794,52
1795,21
1796,27
1797,43.5
1798,43.5
1799,52
1800,27
1801,33.5
1802,32
1803,27
1804,42
1805,52
1806,53.5
1807,47.166675
1808,37
1809,47
1810,43.5
1811,32
1812,21
1813,47
1814,37
1815,43.5
1816,21
1817,47
1818,41.333333333333336
1819,54.5
1820,37
1821,37
1822,44.1
1823,27
1824,42
1825,37
1826,37
1827,67
1828,43.5
1829,27
1830,52
1831,21
1832,47
1833,32
1834,45.6667
1835,66
1836,27
1837,41.5
1838,36.5
1839,37
1840,62
1841,36
1842,46.5
1843,60.25
1844,25
1845,52
1846,65.66
1847,52
1848,52
1849,36
1850,32
1851,27
1852,17.25
1853,38.666666666666664
1854,21
1855,37
1856,52
1857,38.3889
1858,42
1859,32
1860,42
1861,28.25
1862,47
1863,27
1864,42
1865,27
1866,47
1867,37
1868,40.333333333333336
1869,46.333349999999996
1870,31.875
1871,37
1872,32
1873,42
1874,26.5
1875,52
1876,63
1877,47
1878,45.6667
1879,42
1880,52.75
1881,47
1882,50.4
1883,47
1884,46.75
1885,43.5
1886,21
1887,52
1888,47
1889,26
1890,35.5
1891,62
1892,27
1893,32
1894,27
1895,32
1896,43.5
1897,47
1898,29.5
1899,32
1900,32
1901,44.333333333333336
1902,52
1903,36
1904,37
1905,32
1906,44
1907,47
1908,42
1909,56
1910,32
1911,42
1912,27
1913,47
1914,32
1915,36
1916,46
1917,47
1918,18.5
1919,62
1920,23.305566666666664
1921,47
1922,32
1923,45.75
1924,44.5
1925,42
1926,27
1927,25.625
1928,26.5
1929,47
1930,40.75
1931,32
1932,44
1933,52
1934,44.25
1935,47
1936,27
1937,35.166666666666664
1938,37
1939,27
1940,45.75
1941,43.5
1942,47
1943,32
1944,27
1945,47
1946,16
1947,40.333349999999996
1948,16
1949,27
1950,21
1951,23
1952,42
1953,42
1954,30.333333333333332
1955,33.8
1956,42
1957,32
1958,52
1959,47
1960,21
1961,21
1962,31
1963,38.666666666666664
1964,36.416650000000004
1965,37
1966,42
1967,32
1968,47
1969,27
1970,46
1971,27
1972,37
1973,61.666666666666664
1974,59
1975,36
1976,37
1977,42
1978,36
1979,45.5
1980,41.51428
1981,47
1982,32
1983,24.555566666666664
1984,49.5
1985,27
1986,35.333349999999996
1987,53.5
1988,40.333333333333336
1989,47
1990,47
1991,32
1992,49.5
1993,21
1994,32
1995,52
1996,21
1997,47
1998,21
1999,0
2000,47
2001,35.666666666666664
2002,27
2003,33.2
2004,37
2005,44.833325
2006,24
2007,32
2008,47
2009,52.75
2010,21
2011,43.333333333333336
2012,21.166666666666668
2013,47
2014,32
2015,67
2016,32
2017,26
2018,42.1
2019,32
2020,37
2021,32
2022,40.166666666666664
2023,47.75
2024,42
2025,32
2026,32
2027,51.75
2028,43.5
2029,27
2030,43.5
2031,32
2032,42
2033,42
2034,39.5
2035,31
2036,35.6667
2037,70
2038,26
2039,47.666666666666664
2040,27
2041,37
2042,21
2043,53.5
2044,27
2045,52
2046,54.483925
2047,52
2048,47
2049,52.75
2050,33
2051,52
2052,28.5
2053,21
2054,42
2055,21.5
2056,27
2057,45.5
2058,27
2059,64.25
2060,32
2061,46.333333333333336
2062,21
2063,28.77776666666667
2064,27
2065,67
2066,54.5
2067,37
2068,28.25
2069,32
2070,32
2071,32
2072,43
2073,47
2074,42
2075,32
2076,42
2077,47
2078,23
2079,52
2080,32
2081,21
2082,52
2083,32
2084,27
2085,52
2086,27
2087,32
2088,45.333349999999996
2089,32
2090,40.333333333333336
2091,37
2092,32
2093,47
2094,41.166666666666664
2095,47
2096,53.5
2097,42
2098,57
2099,33.5
2100,35.3
2101,21
2102,62
2103,27
2104,52
2105,57
2106,42
2107,42.833333333333336
2108,43.5
2109,42
2110,37
2111,21
2112,47
2113,43
2114,45.6667
2115,52
2116,42
2117,23
2118,27
2119,37
2120,27
2121,27
2122,37
2123,42
2124,33.666650000000004
2125,47
2126,25.5
2127,21
2128,47
2129,54.5
2130,36.333349999999996
2131,25.888899999999996
2132,37
2133,36
2134,27
2135,40.333333333333336
2136,29.5
2137,32
2138,42
2139,40.333325
2140,46.66666
2141,57
2142,52
2143,57
2144,51.5
2145,42
2146,43.5
2147,32.5
2148,43.5
2149,47.333333333333336
2150,21
2151,27
2152,27
2153,52
2154,31.444433333333336
2155,42.75
2156,52
2157,33.5
2158,27
2159,51
2160,27
2161,22.5
2162,53
2163,37
2164,57
2165,37
2166,27
2167,21
2168,21
2169,21
2170,47
2171,46
2172,57
2173,42.84375
2174,42
2175,23
2176,33.5
2177,32
2178,35.333333333333336
2179,35.166666666666664
2180,46.5
2181,27
2182,43.5
2183,32
2184,26
2185,21
2186,57
2187,18.3333
2188,21
2189,42
2190,32
2191,24
2192,26.833333333333332
2193,32
2194,32
2195,47
2196,27
2197,44.25
2198,33.5
2199,32
2200,32
2201,39.625
2202,27
2203,32
2204,37
2205,57
2206,32
2207,30.75
2208,23
2209,54.35
2210,45.333333333333336
2211,42
2212,21
2213,57
2214,32
2215,32
2216,32
2217,62
2218,26.5
2219,52
2220,27
2221,49.5
2222,32
2223,29.5
2224,27
2225,21
2226,47
2227,28.555566666666664
2228,32
2229,42
2230,32
2231,42
2232,27
2233,32
2234,44.5
2235,32
2236,52
2237,19
2238,37
2239,26
2240,27
2241,36.5
2242,32
2243,52
2244,27
2245,45.6667
2246,21
2247,21
2248,27
2249,37
2250,42
2251,27
2252,52
2253,42
2254,32
2255,44.25
2256,32
2257,32
2258,42
2259,33.5
2260,57
2261,32
2262,45.86666
2263,46
2264,32
2265,47
2266,17.7
2267,57
2268,38.25
2269,52
2270,21
2271,33.5
2272,37
2273,47
2274,57
2275,47
2276,42
2277,32
2278,47
2279,36.333349999999996
2280,33.25
2281,45.7
2282,34.5
2283,21
2284,26.666666666666668
2285,17.6
2286,37
2287,32
2288,37
2289,36
2290,21
2291,32
2292,36.75
2293,26.333333333333332
2294,32
2295,27
2296,27
2297,37
2298,33.5
2299,57
2300,47
2301,25.666666666666668
2302,19.5
2303,32
2304,42
2305,27
2306,26
2307,42
2308,62
2309,42
2310,42
2311,27
2312,27
2313,43.5
2314,39.75
2315,13
2316,42
2317,42
2318,42
2319,34.166666666666664
2320,42
2321,21
2322,42
2323,42
2324,42
2325,27
2326,21.75
2327,62
2328,32
2329,34.166650000000004
2330,27
2331,52
2332,43.5
2333,37
2334,42
2335,32
2336,57
2337,37.625
2338,28.666666666666668
2339,37
2340,33.75
2341,26
2342,33.666666666666664
2343,39.5
2344,32
2345,27
2346,42
2347,37
2348,34.5
2349,40.25
2350,27
2351,52
2352,57
2353,57
2354,60.6667
2355,52
2356,35.4
2357,33.5
2358,27
2359,47
2360,27
2361,37
2362,52
2363,27
2364,59.4375
2365,40.333333333333336
2366,44.22223333333333
2367,42
2368,53.5
2369,42
2370,46
2371,47
2372,21
2373,42
2374,57
2375,36.333333333333336
2376,52
2377,32
2378,37
2379,37
2380,35.6667
2381,42
2382,47
2383,62
2384,43.5
2385,37
2386,27
2387,37
2388,44.833333333333336
2389,21
2390,32
2391,42
2392,42
2393,37
2394,47
2395,47
2396,36
2397,42
2398,47
2399,53.583333333333336
2400,47
2401,57
2402,43.5625
2403,21
2404,27
2405,65.33333333333333
2406,75
2407,37
2408,32
2409,55.75
2410,40
2411,37
2412,27
2413,32
2414,27
2415,38.25
2416,17
2417,27
2418,32
2419,22.5
2420,42
2421,42
2422,37
2423,36
2424,26
2425,37
2426,57
2427,36.125
2428,35.0625
2429,57
2430,32
2431,47
2432,32
2433,27
2434,37
2435,45.457139999999995
2436,36.666650000000004
2437,21
2438,52
2439,32
2440,34.91334
2441,47
2442,42.75
2443,32
2444,43.5
2445,34
2446,47
2447,32
2448,53.5
2449,46
2450,32
2451,27
2452,43.125
2453,37
2454,37
2455,35
2456,30
2457,52
2458,47
2459,31
2460,52
2461,37
2462,37
2463,21
2464,21
2465,21
2466,55.27776666666667
2467,27
2468,32
2469,32
2470,34.5
2471,32
2472,62
2473,31
2474,43.5
2475,33.5
2476,19.333333333333332
2477,21
2478,57
2479,36
2480,57
2481,47
2482,35.533339999999995
2483,29.5
2484,37
2485,42
2486,27
2487,63.5
2488,21.5
2489,47
2490,47
2491,23
2492,37
2493,37
2494,21
2495,31.125
2496,37
2497,37
2498,48.666666666666664
2499,37
2500,49.5
2501,45.40002
2502,47
2503,27
2504,43.5
2505,43.5
2506,39.3911
2507,54.5
2508,56.333333333333336
2509,33.5
2510,37
2511,35
2512,27
2513,21
2514,37
2515,37
2516,42.7
2517,28
2518,40.25
2519,37
2520,27
2521,33.5
2522,32
2523,33.5
2524,62
2525,27
2526,21
2527,41.125
2528,22
2529,34.5
2530,48.77776666666667
2531,32
2532,32
2533,32
2534,42
2535,47
2536,47
2537,42
2538,47
2539,45.5
2540,27
2541,47
2542,37
2543,62
2544,43
2545,24.3
2546,37
2547,42
2548,27.645825000000002
2549,38.633325
2550,33.5
2551,32
2552,45.6667
2553,32
2554,27
2555,32
2556,62
2557,27
2558,42.75
2559,57
2560,37
2561,42
2562,42
2563,41
2564,27
2565,42
2566,32
2567,32
2568,37
2569,18.5
2570,27
2571,21
2572,57
2573,32
2574,47
2575,25.5
2576,47
2577,27
2578,37
2579,34.25
2580,42
2581,62
2582,26.5
2583,32
2584,33.5
2585,21
2586,45.333333333333336
2587,40.33334
2588,32
2589,27
2590,42
2591,32
2592,43.5
2593,42.348225
2594,37
2595,32
2596,47
2597,32
2598,47
2599,32
2600,26.66665
2601,27
2602,56.555566666666664
2603,34
2604,52
2605,42
2606,32
2607,47
2608,40.833333333333336
2609,27
2610,21
2611,37
2612,33.5
2613,37
2614,45.9
2615,36
2616,43.625
2617,32
2618,47
2619,22.333333333333332
2620,32
2621,35.333349999999996
2622,24.819433333333336
2623,52
2624,32
2625,47.4
2626,21
2627,37
2628,21
2629,32
2630,37
2631,42
2632,37
2633,32
2634,26
2635,42
2636,27
2637,47
2638,42
2639,42
2640,27
2641,37
2642,57
2643,57
2644,26.33335
2645,21
2646,45.333349999999996
2647,47
2648,43.5
2649,42
2650,34.5
2651,32
2652,37
2653,32
2654,27
2655,37
2656,52.5
2657,46.77776666666667
2658,27
2659,43.5
2660,45.26666666666667
2661,27
2662,21
2663,57
2664,52
2665,47
2666,36.6
2667,27
2668,47
2669,21
2670,19
2671,43.5
2672,40.4
2673,32
2674,27
2675,37
2676,42
2677,40.8
2678,46.22223333333333
2679,36
2680,21.5
2681,47
2682,53.75
2683,46.166675
2684,45.8889
2685,37
2686,42
2687,32
2688,35.75
2689,50.5
2690,47.666666666666664
2691,47
2692,47
2693,62
2694,10.5
2695,26
2696,42
2697,21
2698,47
2699,42
2700,37
2701,57
2702,32
2703,37
2704,27
2705,52
2706,21
2707,53.5
2708,21
2709,42
2710,27
2711,37
2712,37
2713,31.8
2714,26.333333333333332
2715,19
2716,27
2717,37
2718,28.25
2719,37
2720,52.083333333333336
2721,35.333333333333336
2722,21
2723,27
2724,32
2725,47
2726,42.4
2727,32
2728,27
2729,27
2730,42
2731,43.3
2732,52
2733,52
2734,52
2735,22
2736,21
2737,32
2738,42
2739,32
2740,37
2741,21
2742,37
2743,27
2744,36
2745,39.666666666666664
2746,39.166650000000004
2747,38.5
2748,36
2749,37
2750,29
2751,21.5
2752,32
2753,32
2754,47
2755,9.33335
2756,47
2757,45.6
2758,52
2759,37
2760,43.333333333333336
2761,53.5
2762,21
2763,34.5
2764,27
2765,45.86666
2766,64.5
2767,34.25
2768,37
2769,47
2770,56
2771,37
2772,42.75
2773,41.5625
2774,62
2775,47
2776,11
2777,31.333333333333332
2778,42
2779,40.3889
2780,52
2781,37
2782,21
2783,27
2784,27
2785,47
2786,40.93333333333333
2787,21
2788,21
2789,27
2790,52
2791,32.5
2792,47
2793,37
2794,31.5
2795,32
2796,16
2797,32
2798,32
2799,27
2800,32
2801,47
2802,42.66666
2803,23.08335
2804,52.25
2805,21
2806,44.166675
2807,32
2808,26.33335
2809,28.333333333333332
2810,65.66666666666667
2811,44.5
2812,21.333333333333332
2813,42
2814,52
2815,32
2816,36.333333333333336
2817,32
2818,37
2819,55.416675
2820,52
2821,67
2822,38.75
2823,37
2824,42
2825,32
2826,42
2827,39.166666666666664
2828,31
2829,56
2830,57
2831,51.839999999999996
2832,41.45
2833,42
2834,40.666666666666664
2835,32
2836,42
2837,47
2838,32
2839,20
2840,36
2841,21
2842,37
2843,37
2844,43.5
2845,37
2846,38.416675
2847,42
2848,42
2849,52
2850,62
2851,37
2852,32
2853,46
2854,42
2855,37
2856,32
2857,21.5
2858,26.77776666666667
2859,43.666666666666664
2860,18.4
2861,62
2862,21
2863,43.05
2864,62
2865,27
2866,41.416666666666664
2867,27
2868,38.5
2869,52
2870,42
2871,32
2872,64.17645999999999
2873,37
2874,57
2875,46.5
2876,21
2877,47
2878,57
2879,57
2880,32
2881,36.333333333333336
2882,34
2883,46.519999999999996
2884,27
2885,34.555566666666664
2886,44.5
2887,52
2888,52
2889,37.333349999999996
2890,57
2891,27
2892,53
2893,21
2894,21
2895,30.04
2896,47
2897,26
2898,53.5
2899,34.25
2900,44.766679999999994
2901,52
2902,41.166666666666664
2903,21
2904,37
2905,32
2906,33.5
2907,21
2908,44.5
2909,27
2910,48.816675000000004
2911,53.5
2912,53.666666666666664
2913,43.666666666666664
2914,42.75
2915,37
2916,36
2917,47
2918,32
2919,32
2920,51.166666666666664
2921,32
2922,27
2923,21
2924,52.875
2925,27
2926,21
2927,33.5
2928,19
2929,39.5
2930,30.6
2931,27
2932,27
2933,27
2934,27
2935,32
2936,42.1875
2937,42
2938,37
2939,32
2940,32
2941,42
2942,56.8
2943,56
2944,21
2945,47
2946,47
2947,37
2948,21
2949,36.25
2950,21.666666666666668
2951,43.916666666666664
2952,52
2953,42
2954,34.5
2955,42
2956,30.055566666666664
2957,27
2958,47
2959,34
2960,53.5625
2961,37
2962,32
2963,52
2964,47
2965,52.75
2966,41.660000000000004
2967,27
2968,37
2969,42
2970,42
2971,46
2972,52
2973,32
2974,37
2975,23
2976,52
2977,37
2978,37
2979,27
2980,11
2981,42
2982,67
2983,37
2984,26.666666666666668
2985,24.555566666666664
2986,29.5
2987,32
2988,32
2989,43
2990,34.589999999999996
2991,27
2992,49.5
2993,52
2994,43.666666666666664
2995,47
2996,21
2997,57
2998,34.5625
2999,39.94
3000,34.5
3001,27
3002,36.666666666666664
3003,57
3004,42
3005,37.333333333333336
3006,52
3007,32
3008,37
3009,22.5
3010,37
3011,35.5
3012,27
3013,27
3014,43.833333333333336
3015,46.77776666666667
3016,37
3017,32
3018,47
3019,34.5
3020,35.5
3021,32
3022,27
3023,21
3024,42
3025,37
3026,32
3027,52
3028,37
3029,25.333333333333332
3030,34.5
3031,21
3032,37
3033,32
3034,52
3035,36
3036,27
3037,60
3038,41
3039,27
3040,42
3041,28.91666
3042,46.166650000000004
3043,16
3044,32
3045,27
3046,54.25
3047,35.583325
3048,67
3049,42
3050,26.2222
3051,21
3052,27
3053,27
3054,42
3055,37
3056,37
3057,28.038339999999998
3058,32
3059,52
3060,6
3061,39.5
3062,42
3063,44.25
3064,37
3065,37
3066,52
3067,30.166666666666668
3068,57
3069,57
3070,57
3071,34
3072,55.833349999999996
3073,42
3074,47
3075,21
3076,52.833349999999996
3077,36
3078,42
3079,36.5
3080,45.666666666666664
3081,37
3082,46
3083,51
3084,27
3085,45.75
3086,53.5
3087,32
3088,47
3089,37
3090,42
3091,46
3092,52
3093,20.25
3094,58.833333333333336
3095,37
3096,52.3
3097,27
3098,27
3099,37
3100,53.5
3101,42
3102,33
3103,37
3104,37
3105,42
3106,50.125
3107,35.75
3108,37
3109,21
3110,42
3111,57
3112,35.7
3113,47
3114,57
3115,47
3116,27.75
3117,42
3118,42
3119,37
3120,32
3121,39
3122,42
3123,52
3124,53.875
3125,42
3126,27
3127,37
3128,36.13334
3129,42
3130,37
3131,38.59332
3132,21
3133,44
3134,32
3135,45.3
3136,58.5
3137,42
3138,22.6667
3139,46.75
3140,32
3141,53.5
3142,21
3143,32
3144,42
3145,44.25
3146,52.75
3147,18.4
3148,46.75
3149,32
3150,37
3151,40
3152,47
3153,46.333349999999996
3154,45.333333333333336
3155,42
3156,43.444433333333336
3157,42
3158,33.5
3159,21
3160,23.75
3161,25.5
3162,21
3163,47.333333333333336
3164,27
3165,26.833325000000002
3166,21
3167,36.666666666666664
3168,26
3169,52
3170,32
3171,32
3172,37
3173,21
3174,36
3175,32
3176,24
3177,37
3178,25.73334
3179,32
3180,42
3181,57
3182,44.333333333333336
3183,27
3184,32
3185,27
3186,37
3187,56.555566666666664
3188,21
3189,33.5
3190,32
3191,27
3192,52
3193,42
3194,37
3195,47
3196,32
3197,47
3198,27
3199,35.5
3200,47
3201,43.25
3202,26.3333
3203,43.26666
3204,59.5
3205,28.5
3206,21
3207,32.333333333333336
3208,43
3209,42
3210,42
3211,27
3212,27
3213,21
3214,46
3215,51.625
3216,39.5
3217,42
3218,39.5
3219,37
3220,23
3221,27
3222,25.66665
3223,0
3224,35.75
3225,36.333333333333336
3226,35.083325
3227,46
3228,37.3125
3229,54
3230,27
3231,43.5
3232,52
3233,16
3234,27
3235,42
3236,27
3237,27
3238,37
3239,27
3240,37
3241,57
3242,29
3243,21
3244,47
3245,28.666666666666668
3246,53.7375
3247,46
3248,42
3249,27
3250,27
3251,21
3252,35.155566666666665
3253,32
3254,26
3255,52
3256,26
3257,42
3258,39.5
3259,62
3260,37
3261,42
3262,57
3263,39.5
3264,32.75
3265,37
3266,53.666666666666664
3267,62
3268,32
3269,47
3270,47
3271,27
3272,27
3273,37
3274,37
3275,21
3276,37
3277,47
3278,52
3279,47
3280,52
3281,27
3282,32
3283,39.166666666666664
3284,42
3285,67
3286,27
3287,36
3288,39.166666666666664
3289,41
3290,32
3291,32
3292,46.333333333333336
3293,37.5
3294,43.5
3295,27
3296,27
3297,47
3298,44.333333333333336
3299,57
3300,32
3301,47
3302,48.5
3303,39.875
3304,47
3305,33.5
3306,47
3307,37
3308,10.5
3309,37
3310,42
3311,52
3312,25.666666666666668
3313,27
3314,52
3315,30.833333333333332
3316,33.5
3317,32
3318,27
3319,27
3320,50.146660000000004
3321,42
3322,53
3323,37
3324,32
3325,36.5
3326,37
3327,36.5
3328,37
3329,25
3330,32
3331,43.5
3332,37
3333,52
3334,37
3335,43
3336,67
3337,27
3338,40.333333333333336
3339,21
3340,42
3341,49.5
3342,57
3343,37.2
3344,43.6
3345,57
3346,18.5
3347,43.5
3348,41.166650000000004
3349,42
3350,36
3351,27
3352,36
3353,41
3354,34.035725
3355,33.333333333333336
3356,37
3357,42
3358,35.666666666666664
3359,21
3360,32.8889
3361,43.5
3362,47.166666666666664
3363,31.25
3364,42.333333333333336
3365,21
3366,47
3367,32
3368,27
3369,37
3370,27
3371,37
3372,49.5
3373,47
3374,48.25
3375,46
3376,32
3377,23
3378,42
3379,19
3380,52
3381,21
3382,42
3383,32
3384,26
3385,33.5
3386,32
3387,52
3388,52
3389,32
3390,21
3391,37
3392,27
3393,32
3394,42
3395,21
3396,47
3397,32
3398,46.625
3399,13
3400,21
3401,57
3402,42
3403,43.5
3404,28.5
3405,27
3406,46
3407,47
3408,27
3409,51.166666666666664
3410,37
3411,32
3412,33
3413,57
3414,37
3415,57
3416,27
3417,42
3418,42
3419,32
3420,21
3421,47
3422,52
3423,43.166666666666664
3424,52
3425,27
3426,32
3427,47
3428,46
3429,36
3430,34
3431,32.75
3432,48.5
3433,32
3434,49
3435,37
3436,42
3437,34.9
3438,52
3439,21
3440,26
3441,35.666666666666664
3442,21
3443,42
3444,32
3445,46
3446,42
3447,26.5
3448,36
3449,47
3450,37
3451,32
3452,37
3453,27
3454,27
3455,32
3456,27
3457,27
3458,42
3459,57
3460,32
3461,36.5
3462,46
3463,42
3464,42
3465,32
3466,47
3467,27
3468,37
3469,43.5
3470,50.666650000000004
3471,47
3472,27
3473,26.16665
3474,52
3475,27
3476,46.333333333333336
3477,26.5
3478,52
3479,43.5
3480,44.5
3481,51
3482,32
3483,46.333333333333336
3484,39.5
3485,27
3486,24.333333333333332
3487,33
3488,56.833333333333336
3489,27
3490,43
3491,42
3492,62
3493,33.5
3494,19
3495,46.75
3496,25.666666666666668
3497,67
3498,52
3499,37
3500,42
3501,29.5
3502,54.666675
3503,44.666666666666664
3504,21
3505,47
3506,42
3507,32
3508,47
3509,40.333333333333336
3510,41.5
3511,37
3512,62
3513,27
3514,32
3515,27.25
3516,33.5
3517,39.083333333333336
3518,32
3519,42
3520,26
3521,27
3522,47
3523,42
3524,42
3525,47
3526,27
3527,27
3528,27
3529,21
3530,42
3531,52.5
3532,27
3533,32
3534,46
3535,27
3536,47
3537,32
3538,42
3539,46
3540,37.533325000000005
3541,25.5
3542,43.5
3543,52
3544,21
3545,52
3546,32
3547,21
3548,37
3549,21
3550,32
3551,37
3552,32
3553,42
3554,42.75
3555,33.5
3556,52
3557,36.333333333333336
3558,52.833349999999996
3559,27
3560,31.833333333333332
3561,47
3562,23
3563,38
3564,27
3565,27
3566,42
3567,25.5
3568,32
3569,27
3570,36
3571,37
3572,65.321425
3573,45.5
3574,29.5
3575,37.666666666666664
3576,58.533339999999995
3577,23
3578,47
3579,27.625
3580,37
3581,47
3582,35.5
3583,47
3584,57
3585,33.666666666666664
3586,36
3587,47
3588,27
3589,21
3590,43.25
3591,37
3592,37
3593,54
3594,56
3595,30.083325000000002
3596,42
3597,36.8
3598,37
3599,27.25
3600,70
3601,48
3602,37
3603,26.5
3604,32
3605,27.75
3606,47
3607,37
3608,47
3609,28.875
3610,32
3611,36.5
3612,13
3613,42
3614,47
3615,21
3616,57
3617,36
3618,37
3619,47
3620,57
3621,47
3622,33.5
3623,32
3624,47
3625,27
3626,57
3627,21
3628,47
3629,42
3630,27
3631,42
3632,27
3633,32
3634,37
3635,47
3636,51.625
3637,67
3638,42
3639,41.166675
3640,21
3641,27
3642,48.666666666666664
3643,37
3644,42
3645,21
3646,62
3647,42
3648,27
3649,34.75
3650,33
3651,41.333333333333336
3652,32
3653,21
3654,42
3655,27
3656,35.2
3657,27
3658,36.5
3659,32
3660,26
3661,0
3662,27
3663,52
3664,42
3665,32
3666,48.7
3667,21
3668,37
3669,42
3670,32
3671,27
3672,52
3673,23.666666666666668
3674,32
3675,25
3676,27
3677,42
3678,41.5
3679,42
3680,56.333333333333336
3681,47
3682,32
3683,33.5
3684,57
3685,42
3686,24.5
3687,52
3688,37
3689,52
3690,37
3691,23
3692,37
3693,27
3694,43.65
3695,52
3696,43.7
3697,27
3698,32
3699,37.13334
3700,55.5
3701,42
3702,34.333333333333336
3703,47
3704,55.05
3705,37
3706,33.5
3707,35.75
3708,52
3709,55.833333333333336
3710,32
3711,32
3712,33.666666666666664
3713,16.5
3714,29
3715,53.5
3716,47
3717,35.125
3718,29.75
3719,26
3720,27
3721,21
3722,49.5
3723,37
3724,37
3725,27
3726,21
3727,45.333349999999996
3728,21
3729,42
3730,44
3731,52.333333333333336
3732,47
3733,25.666666666666668
3734,22.75
3735,32
3736,34.25
3737,32
3738,37
3739,29.5
3740,42
3741,40.9
3742,21
3743,34
3744,42
3745,22.708325000000002
3746,32
3747,32
3748,53.1111
3749,49.5
3750,34.5
3751,32
3752,37
3753,49.5
3754,57
3755,21.5
3756,32
3757,49.75
3758,27
3759,21
3760,52
3761,29.5
3762,47
3763,38.25
3764,54.25
3765,39.166666666666664
3766,57
3767,52
3768,59
3769,44.2
3770,39.5
3771,42
3772,37
3773,34.25
3774,50.145825
3775,51.166666666666664
3776,32
3777,21
3778,42
3779,21.625
3780,37
3781,27
3782,21
3783,42
3784,32
3785,37
3786,47
3787,57
3788,47
3789,47
3790,47
3791,42
3792,62
3793,26.5
3794,43.5
3795,37
3796,56
3797,52
3798,21
3799,56.333333333333336
3800,32
3801,27
3802,37
3803,8
3804,33.5
3805,42
3806,32
3807,37
3808,42
3809,37
3810,27
3811,36.875
3812,35.833349999999996
3813,57
3814,26.5
3815,57
3816,20
3817,26
3818,33.5
3819,42
3820,46.33334
3821,37
3822,32
3823,37
3824,52
3825,35.375
3826,37
3827,42
3828,52
3829,36.333349999999996
3830,45.86666
3831,32
3832,37
3833,27
3834,35.125
3835,52
3836,52
3837,52
3838,42
3839,21
3840,21
3841,34.5
3842,25.5
3843,37
3844,21
3845,43
3846,37
3847,52
3848,36
3849,33.5
3850,21.5
3851,56
3852,21
3853,42
3854,23.5
3855,44
3856,37
3857,47
3858,27
3859,37
3860,33
3861,42
3862,52
3863,27
3864,32.416675
3865,57
3866,42
3867,55.438340000000004
3868,32
3869,52
3870,45.325
3871,47
3872,47
3873,52
3874,43.333333333333336
3875,37
3876,62
3877,27
3878,37
3879,22.611100000000004
3880,53.5
3881,21
3882,41.4375
3883,47
3884,40.25
3885,21
3886,46
3887,27
3888,27
3889,37
3890,57.666666666666664
3891,57
3892,36
3893,43.5
3894,33.125
3895,54.833333333333336
3896,42
3897,27
3898,46
3899,43.083333333333336
3900,37
3901,33.5
3902,36
3903,37
3904,27
3905,31
3906,52
3907,50.5
3908,21
3909,52
3910,9
3911,32
3912,32
3913,21.5
3914,40.25
3915,28.5
3916,64
3917,34.666666666666664
3918,50.333333333333336
3919,35.916675
3920,27
3921,62
3922,47
3923,32
3924,38.5
3925,53
3926,53
3927,37
3928,34.4
3929,50.666666666666664
3930,30.333333333333332
3931,37
3932,27
3933,21
3934,44
3935,52
3936,27
3937,37
3938,47
3939,35.666666666666664
3940,34
3941,42
3942,56.666666666666664
3943,43.8889
3944,39.033339999999995
3945,21
3946,35.5
3947,44.75
3948,37
3949,32
3950,32
3951,47
3952,27
3953,37
3954,33.5
3955,37
3956,42
3957,62
3958,19.5
3959,42
3960,44.625
3961,37
3962,67
3963,21
3964,51.5
3965,33
3966,13
3967,32.1111
3968,21
3969,21
3970,57
3971,37
3972,63.5
3973,52.375
3974,52
3975,33
3976,35.5
3977,39.666666666666664
3978,44.75
3979,40.333349999999996
3980,29.5
3981,37
3982,42
3983,42
3984,32
3985,37
3986,45.75
3987,44.25
3988,56
3989,32
3990,27
3991,21
3992,27
3993,38.83334
3994,42
3995,44.5
3996,21
3997,27
3998,30.333333333333332
3999,27
4000,27
4001,42
4002,21
4003,45
4004,36.666666666666664
4005,33
4006,37
4007,21
4008,37
4009,43.5
4010,47
4011,42
4012,22.333333333333332
4013,45.6667
4014,32
4015,42
4016,57
4017,35.25
4018,32
4019,41.5
4020,47
4021,32.5
4022,52
4023,37
4024,27
4025,38.395825
4026,47
4027,42
4028,52
4029,61.333333333333336
4030,36.666666666666664
4031,54.5
4032,47
4033,52
4034,27
4035,54.8889
4036,61
4037,52
4038,42
4039,42.5
4040,52
4041,27
4042,27
4043,44.833333333333336
4044,32
4045,36
4046,57
4047,54.8889
4048,37
4049,13
4050,10.5
4051,36.3333
4052,32
4053,39
4054,37
4055,41.666666666666664
4056,44.5
4057,21
4058,37
4059,37
4060,52
4061,21
4062,26
4063,43
4064,21
4065,32
4066,59.5
4067,39
4068,46
4069,54.103033333333336
4070,52
4071,47.5
4072,27
4073,42
4074,34.5
4075,47
4076,41.5
4077,33.5
4078,21
4079,42
4080,42
4081,37
4082,37
4083,62
4084,27
4085,36.5
4086,37
4087,52
4088,37
4089,62
4090,21
4091,32.333333333333336
4092,18.5
4093,21
4094,27
4095,42
4096,42
4097,47
4098,26.666666666666668
4099,35.666666666666664
4100,48.199999999999996
4101,42
4102,57
4103,37
4104,32
4105,37.75
4106,56.666666666666664
4107,43.5
4108,32
4109,27
4110,37
4111,36.333333333333336
4112,27
4113,47
4114,37
4115,37
4116,57
4117,36.666666666666664
4118,27
4119,42
4120,29.833333333333332
4121,27
4122,34
4123,42.75
4124,21.041674999999998
4125,27
4126,32
4127,27
4128,58
4129,25.666666666666668
4130,49.5
4131,52
4132,32
4133,32
4134,37
4135,21
4136,29.875
4137,39.5
4138,29.333333333333332
4139,21
4140,27
4141,40.333333333333336
4142,27
4143,31
4144,43.5
4145,36.5
4146,27
4147,45.333333333333336
4148,37
4149,27
4150,33.5
4151,37
4152,42
4153,33.1
4154,21
4155,36
4156,47
4157,43.5
4158,52
4159,21
4160,42.5
4161,27
4162,49.5
4163,21
4164,42.333333333333336
4165,72.5
4166,32
4167,42
4168,42
4169,46
4170,21
4171,60.45
4172,42
4173,37
4174,46
4175,46
4176,32
4177,32
4178,41.5
4179,42
4180,53.5
4181,46.666666666666664
4182,57
4183,27
4184,42
4185,27
4186,62
4187,42
4188,37
4189,37
4190,23
4191,32
4192,37
4193,42
4194,27
4195,32.75
4196,34
4197,27
4198,52
4199,42
4200,42
4201,45.75
4202,33.5
4203,42
4204,48.5
4205,57
4206,37
4207,37
4208,21
4209,62
4210,42
4211,44.25
4212,42
4213,42
4214,21
4215,27
4216,32.833333333333336
4217,37
4218,29.5
4219,33.5
4220,57
4221,37
4222,52
4223,42
4224,56
4225,37
4226,45.333333333333336
4227,53
4228,44.5
4229,47
4230,32
4231,27
4232,44.5
4233,46
4234,32
4235,32.5
4236,29.5
4237,24.666666666666668
4238,38.5
4239,32
4240,57
4241,33.583333333333336
4242,37
4243,42
4244,47
4245,32
4246,49.5
4247,32
4248,42
4249,36
4250,39.666666666666664
4251,42
4252,57
4253,26.66665
4254,67
4255,32
4256,24
4257,47
4258,45.791675
4259,32
4260,37
4261,48.5
4262,32
4263,43.5
4264,44.5
4265,39.625
4266,45.333333333333336
4267,52
4268,57
4269,32
4270,33.5
4271,27
4272,21
4273,21
4274,47.93333333333334
4275,37
4276,32
4277,42
4278,37
4279,46.416675
4280,27
4281,47
4282,57
4283,47
4284,46
4285,52
4286,47
4287,27
4288,56
4289,63.7125
4290,45.666666666666664
4291,36.25
4292,27
4293,37
4294,32
4295,32.5
4296,32
4297,47
4298,52
4299,34.25
4300,44.5
4301,38.5
4302,33.5
4303,57
4304,21
4305,27
4306,37
4307,49.5
4308,43.5
4309,42.5
4310,46
4311,32
4312,54.5
4313,23
4314,47
4315,45.65
4316,22.45334
4317,32
4318,18.5
4319,42
4320,27
4321,37
4322,32
4323,36.25
4324,57
4325,56.333333333333336
4326,46.333333333333336
4327,57
4328,35.166666666666664
4329,42.5
4330,37
4331,36
4332,37
4333,45
4334,27
4335,27
4336,37
4337,42.75
4338,37
4339,21
4340,42
4341,42
4342,18
4343,42
4344,37.555566666666664
4345,21
4346,42
4347,27
4348,57
4349,32
4350,37
4351,27.5
4352,36.3333
4353,47
4354,42
4355,47
4356,32
4357,67
4358,23
4359,34.1143
4360,46
4361,38.76666
4362,42
4363,27
4364,34.5
4365,41
4366,54.475
4367,36.833333333333336
4368,29.5
4369,53.5
4370,23
4371,21
4372,57
4373,46
4374,32
4375,36
4376,37
4377,36
4378,42
4379,42
4380,37
4381,55.6667
4382,68.5
4383,21
4384,47
4385,22.25
4386,46.666666666666664
4387,47
4388,40.833333333333336
4389,49.5
4390,56
4391,37
4392,32
4393,42
4394,37
4395,52
4396,53.5
4397,32
4398,27
4399,63.5
4400,21
4401,47
4402,43.5
4403,34.1
4404,47
4405,32
4406,36.3
4407,67
4408,34.5
4409,52
4410,36.3333
4411,42.75
4412,27
4413,43.5
4414,27
4415,21
4416,27
4417,42
4418,26.5
4419,53.5
4420,37
4421,37
4422,61
4423,33.5
4424,42
4425,52
4426,42
4427,52
4428,32
4429,30.5
4430,37
4431,42
4432,26
4433,52
4434,42
4435,25
4436,32
4437,37
4438,55.333333333333336
4439,42
4440,25.5
4441,32
4442,33.666666666666664
4443,36.5
4444,21
4445,47
4446,27
4447,52
4448,27
4449,44.5
4450,27
4451,37
4452,37
4453,67
4454,47
4455,45.4
4456,51
4457,36
4458,34
4459,27
4460,23
4461,32
4462,42
4463,42
4464,37
4465,21
4466,45.5
4467,34.25
4468,48.333333333333336
4469,27
4470,24.666666666666668
4471,18.5
4472,37
4473,41.3
4474,32.375
4475,32
4476,32
4477,23
4478,47
4479,34
4480,37
4481,47
4482,32
4483,36
4484,49.5
4485,27
4486,42
4487,47
4488,36
4489,42
4490,52
4491,42
4492,42.75
4493,47
4494,52.833333333333336
4495,28
4496,32
4497,18.5
4498,52
4499,16.333333333333332
4500,42
4501,52
4502,35.89334
4503,52
4504,27
4505,27
4506,26
4507,29.888899999999996
4508,27
4509,32
4510,52
4511,32
4512,56.75
4513,37
4514,27
4515,37
4516,42
4517,27
4518,42
4519,32
4520,57
4521,53.666666666666664
4522,33.916675
4523,26
4524,47
4525,52.5
4526,52
4527,25.5
4528,42
4529,54.5
4530,32.75
4531,32
4532,37
4533,37
4534,27
4535,32
4536,53.166666666666664
4537,21
4538,46
4539,27
4540,24.666666666666668
4541,21
4542,37
4543,21.25
4544,52
4545,27
4546,37
4547,62
4548,44.166666666666664
4549,37
4550,39
4551,36
4552,37
4553,37
4554,45.25
4555,32
4556,21
4557,32
4558,32
4559,39.1111
4560,37.833325
4561,42
4562,35.194433333333336
4563,37
4564,41.916666666666664
4565,27
4566,42
4567,42
4568,42.225
4569,57
4570,42
4571,27
4572,62.75
4573,27
4574,42
4575,52
4576,59.96666666666667
4577,32
4578,36
4579,36
4580,43.5
4581,37
4582,37
4583,37
4584,47
4585,67
4586,27
4587,52
4588,37
4589,44
4590,32
4591,32
4592,32
4593,32
4594,47
4595,50.333333333333336
4596,21
4597,38.5
4598,43.5
4599,60.041650000000004
4600,37.5
4601,47
4602,16
4603,54.833333333333336
4604,23
4605,54.333333333333336
4606,27
4607,50.1111
4608,32
4609,32
4610,52
4611,37
4612,40.5
4613,30.5
4614,21
4615,27
4616,16
4617,26
4618,37
4619,37
4620,43.2
4621,25.5
4622,56
4623,21
4624,46.3333
4625,63
4626,37
4627,24
4628,13
4629,32
4630,48.333333333333336
4631,37
4632,37
4633,47
4634,53.5
4635,32
4636,25.666666666666668
4637,54
4638,27
4639,57
4640,52
4641,21.5
4642,27
4643,32
4644,61.5
4645,27
4646,62
4647,52
4648,44.25
4649,57
4650,52
4651,42
4652,32
4653,47
4654,52
4655,48
4656,42
4657,42
4658,52
4659,46
4660,32
4661,28.666666666666668
4662,27
4663,20.5
4664,47
4665,43.5
4666,42
4667,37
4668,42
4669,21
4670,36
4671,32
4672,27
4673,42
4674,32.9
4675,57
4676,57
4677,39
4678,32
4679,46
4680,47
4681,52
4682,40.6
4683,36.5
4684,42.916666666666664
4685,37
4686,33.5
4687,37
4688,27
4689,37
4690,47
4691,47
4692,42
4693,46.5
4694,46.5
4695,37
4696,47
4697,37
4698,30
4699,21
4700,42
4701,37
4702,45.6667
4703,37
4704,42
4705,44.5
4706,42
4707,37
4708,27
4709,37
4710,42
4711,36
4712,25
4713,52
4714,57
4715,44.25
4716,46
4717,26.3333
4718,18.5
4719,57
4720,21
4721,21
4722,57
4723,42.3889
4724,47
4725,57
4726,32
4727,33.5
4728,52
4729,20
4730,40.666666666666664
4731,32
4732,33.5
4733,31.833333333333332
4734,52
4735,37.25
4736,42
4737,32
4738,37
4739,70
4740,33
4741,42
4742,47
4743,32
4744,32
4745,27
4746,13
4747,47
4748,34
4749,52
4750,32
4751,33.875
4752,42
4753,32
4754,13
4755,34.25
4756,52
4757,46.666650000000004
4758,47
4759,37
4760,42
4761,36
4762,27
4763,62
4764,21
4765,33.5
4766,27
4767,36.666650000000004
4768,56
4769,37
4770,24
4771,37
4772,36
4773,27
4774,36
4775,42
4776,32
4777,43.625
4778,21
4779,52
4780,23.099999999999998
4781,33.5
4782,64.66666666666667
4783,21.888899999999996
4784,21.5
4785,32
4786,23
4787,43.5
4788,41.1875
4789,42
4790,42
4791,32
4792,47
4793,27
4794,25
4795,24
4796,32
4797,42
4798,44.5
4799,42
4800,34.75
4801,42
4802,26.708325000000002
4803,51.958325
4804,37
4805,35.25
4806,42
4807,52
4808,45.5
4809,33.5
4810,56.666650000000004
4811,47
4812,27
4813,32
4814,32
4815,26.5
4816,37
4817,52
4818,32
4819,41
4820,52
4821,32
4822,47
4823,32
4824,42
4825,33
4826,36
4827,52
4828,32.625
4829,27
4830,13
4831,27
4832,27
4833,27
4834,32.75
4835,27
4836,52
4837,32.5
4838,20.75
4839,19.5
4840,52
4841,50.25
4842,34
4843,32
4844,43.9
4845,52
4846,52
4847,45.666666666666664
4848,42
4849,27
4850,46
4851,41
4852,27
4853,47
4854,31.25
4855,27
4856,62
4857,52
4858,35.166666666666664
4859,47
4860,27
4861,57
4862,0
4863,27
4864,27
4865,35.25
4866,47
4867,43.5625
4868,26
4869,25.5
4870,48.18666
4871,27
4872,34.25
4873,42
4874,27
4875,21
4876,27
4877,47
4878,27
4879,21
4880,43.25
4881,36.5
4882,33.666666666666664
4883,27
4884,21
4885,38.666666666666664
4886,37
4887,32
4888,47
4889,36
4890,14
4891,57
4892,23.53333333333333
4893,23.6667
4894,37
4895,42
4896,52
4897,32
4898,46.5
4899,42.166666666666664
4900,29.75
4901,53.5
4902,52
4903,47
4904,27
4905,27
4906,32
4907,41.666666666666664
4908,37
4909,27
4910,32
4911,32
4912,27
4913,49.666666666666664
4914,37
4915,52
4916,30.53334
4917,48.666666666666664
4918,37
4919,32.625
4920,36.666666666666664
4921,57
4922,24
4923,30.666666666666668
4924,26
4925,36
4926,29.375
4927,32
4928,55
4929,47
4930,42
4931,25.5
4932,27
4933,42
4934,21
4935,32
4936,21
4937,43.4
4938,57
4939,55
4940,32
4941,27
4942,32
4943,47
4944,21
4945,42
4946,54.575
4947,32
4948,39.5
4949,37
4950,37
4951,27
4952,42
4953,42
4954,42
4955,35.555566666666664
4956,33.02776666666667
4957,32
4958,43.166666666666664
4959,42
4960,32
4961,46
4962,47
4963,26.5
4964,52
4965,21
4966,36.666666666666664
4967,47
4968,36
4969,47
4970,27
4971,26
4972,29
4973,23.5
4974,52
4975,37
4976,47
4977,16
4978,45.31334
4979,57
4980,42
4981,32
4982,54.625
4983,21
4984,43.5
4985,27
4986,52
4987,53.5
4988,44.5
4989,62
4990,27
4991,26
4992,32
4993,29.75
4994,55.6667
4995,25
4996,46
4997,42.2
4998,57
4999,42
5000,37
5001,27
5002,29.5
5003,47
5004,62
5005,38
5006,25
5007,37
5008,42
5009,47
5010,46
5011,21
5012,57
5013,39.5
5014,21
5015,40.13334
5016,21
5017,42
5018,47
5019,47
5020,40.333333333333336
5021,33.5
5022,42
5023,45.666666666666664
5024,43.5
5025,39.666666666666664
5026,27
5027,32
5028,34.4
5029,32
5030,13
5031,27
5032,35.333333333333336
5033,46.5
5034,24.5625
5035,37
5036,21
5037,42
5038,42
5039,44
5040,57
5041,28.25
5042,42
5043,52
5044,29.77776666666667
5045,16
5046,54.166666666666664
5047,56.5
5048,33.5
5049,37
5050,46
5051,71.75
5052,47
5053,37
5054,24.33335
5055,36
5056,53.5
5057,32
5058,32
5059,26.5
5060,42
5061,42
5062,47
5063,37
5064,38.666666666666664
5065,32
5066,42
5067,27
5068,32
5069,42
5070,37
5071,37
5072,61.875
5073,47
5074,32
5075,52
5076,37
5077,21
5078,21
5079,30.833333333333332
5080,23
5081,37
5082,33.333333333333336
5083,39.3
5084,32
5085,43.5
5086,37
5087,43.5
5088,42
5089,21
5090,20
5091,32
5092,41.333349999999996
5093,33.5
5094,32
5095,32
5096,34.75
5097,62
5098,21
5099,47
5100,21
5101,21
5102,28.666666666666668
5103,37
5104,37
5105,32
5106,32
5107,47
5108,32
5109,26
5110,47
5111,40.833333333333336
5112,34.032833333333336
5113,27
5114,47
5115,36
5116,75
5117,33.5
5118,45.732150000000004
5119,59.06666
5120,27
5121,42
5122,44.5
5123,37
5124,38.5
5125,37.25
5126,52
5127,36.333333333333336
5128,49.25
5129,21
5130,37
5131,37
5132,46.125
5133,42
5134,32
5135,56
5136,26
5137,62
5138,52
5139,57
5140,52
5141,44.25
5142,43.660000000000004
5143,37
5144,27
5145,49.11113333333333
5146,21
5147,42
5148,57
5149,57
5150,32
5151,37
5152,67
5153,37
5154,27
5155,27
5156,42
5157,37
5158,25.2
5159,57
5160,34.18
5161,48.125
5162,27.333333333333332
5163,47
5164,42
5165,47
5166,42.779999999999994
5167,13
5168,37
5169,47
5170,32
5171,42
5172,18.5
5173,33.833333333333336
5174,30
5175,27
5176,53.92999999999999
5177,42
5178,42
5179,27
5180,42
5181,35.333333333333336
5182,27
5183,54.5
5184,49.666666666666664
5185,32
5186,32
5187,51
5188,37
5189,27
5190,37
5191,32
5192,32
5193,37
5194,37
5195,32
5196,48
5197,34.625
5198,37
5199,37
5200,21.5
5201,53.666666666666664
5202,47
5203,36
5204,32
5205,44.5
5206,57
5207,47
5208,47.625
5209,21
5210,44.25
5211,43
5212,54.5
5213,37
5214,40
5215,23.5
5216,27
5217,57
5218,25.5
5219,29.375
5220,43.5
5221,32
5222,42
5223,36.5
5224,52.375
5225,44.533339999999995
5226,47
5227,27
5228,57
5229,37
5230,42
5231,21
5232,42
5233,57
5234,37
5235,39.5
5236,37
5237,42
5238,37
5239,37
5240,27
5241,36.25
5242,43
5243,37
5244,23
5245,42
5246,52
5247,42
5248,7
5249,37
5250,26
5251,42
5252,32
5253,26.444433333333336
5254,32.75
5255,42
5256,36
5257,44.666666666666664
5258,52
5259,21
5260,36
5261,27
5262,37
5263,29
5264,42
5265,37
5266,32
5267,27
5268,37
5269,38.3333
5270,34.800000000000004
5271,33.3
5272,37
5273,57
5274,27
5275,32
5276,46
5277,42
5278,27
5279,45.6667
5280,32
5281,21
5282,33.5
5283,46
5284,27
5285,52
5286,40.75
5287,32
5288,47
5289,37.56192
5290,27
5291,45.25
5292,42
5293,42
5294,35.666666666666664
5295,24.499975
5296,0
5297,32
5298,42
5299,42
5300,27.8
5301,34.5
5302,27
5303,62
5304,47
5305,32
5306,41
5307,32
5308,47
5309,37
5310,57
5311,53.666666666666664
5312,37
5313,45.5
5314,21
5315,42
5316,47
5317,43.5
5318,37
5319,42
5320,32
5321,36
5322,32
5323,36.216660000000005
5324,48.25
5325,48.666666666666664
5326,42
5327,32
5328,23
5329,52
5330,47
5331,33.525
5332,21.833333333333332
5333,42
5334,27
5335,27
5336,52
5337,38.5
5338,36
5339,32
5340,32
5341,56
5342,21
5343,27
5344,46.916675
5345,32
5346,42
5347,72.5
5348,27
5349,47
5350,57.8
5351,13
5352,36
5353,42
5354,75
5355,27
5356,27
5357,29.666666666666668
5358,27
5359,28.25
5360,37
5361,62
5362,47
5363,57
5364,42
5365,32
5366,45.333333333333336
5367,41.85
5368,51.75
5369,37
5370,47
5371,42
5372,32
5373,37
5374,22.666666666666668
5375,42
5376,62
5377,42
5378,21
5379,37
5380,42
5381,45.708325
5382,32
5383,32.75
5384,27
5385,22.333333333333332
5386,16.5
5387,42.06666
5388,32
5389,36
5390,43
5391,40.4375
5392,32
5393,21
5394,27
5395,27
5396,31.875
5397,37
5398,47
5399,47
5400,32
5401,52
5402,37
5403,32
5404,39.21334
5405,27
5406,37
5407,52
5408,32
5409,30.125
5410,37
5411,27
5412,24.5
5413,36
5414,47
5415,42.666666666666664
5416,32
5417,42
5418,37
5419,37
5420,32
5421,42
5422,40
5423,36.5
5424,42
5425,42
5426,47
5427,36
5428,37
5429,52
5430,32
5431,42.5
5432,32
5433,31
5434,23
5435,21
5436,37
5437,47
5438,45.333333333333336
5439,37
5440,44
5441,57
5442,32
5443,32
5444,46.666650000000004
5445,46.68
5446,21
5447,30.388899999999996
5448,21
5449,26
5450,37
5451,42
5452,37
5453,20
5454,28
5455,57
5456,52.75
5457,40.25
5458,37
5459,47
5460,33
5461,19
5462,39.5
5463,62
5464,27
5465,27
5466,42.166650000000004
5467,32
5468,44.26666
5469,37
5470,42
5471,37
5472,46.5
5473,37
5474,44
5475,21
5476,36
5477,26
5478,24.5
5479,35.5
5480,21
5481,27
5482,43.5
5483,46
5484,35.791650000000004
5485,27
5486,36
5487,32
5488,32
5489,37
5490,49.5
5491,42
5492,21
5493,21
5494,27
5495,54.25
5496,30.5
5497,27
5498,45.6
5499,27
5500,38.5
5501,32
5502,46
5503,43.5
5504,42
5505,28.5
5506,37
5507,42
5508,35.666650000000004
5509,46.22220000000001
5510,32
5511,57
5512,32
5513,47
5514,27
5515,42
5516,24
5517,44.5
5518,36.444433333333336
5519,53.5
5520,37
5521,32
5522,36
5523,34.5
5524,27
5525,70
5526,47
5527,42
5528,56.22223333333333
5529,37
5530,32.75
5531,21
5532,40.666666666666664
5533,21
5534,32
5535,27
5536,37
5537,37
5538,42
5539,32
5540,27
5541,42
5542,46
5543,47
5544,43.5
5545,33.5
5546,25.5
5547,45.333333333333336
5548,37
5549,57
5550,27
5551,42
5552,62
5553,37
5554,32
5555,21.5
5556,33.5
5557,32
5558,43.5
5559,54.5
5560,37
5561,27
5562,21
5563,42
5564,47
5565,28.333333333333332
5566,21
5567,32
5568,33.5
5569,42
5570,57
5571,35.5
5572,52
5573,45.333325
5574,44.333333333333336
5575,39.5
5576,42
5577,21
5578,37
5579,47
5580,43.44
5581,46.6111
5582,42
5583,32
5584,27
5585,43
5586,42
5587,47
5588,56.666650000000004
5589,52
5590,23
5591,40.22223333333333
5592,43.5
5593,32
5594,21
5595,37.583349999999996
5596,37
5597,21
5598,44.25
5599,22
5600,47
5601,33.5
5602,42
5603,63.5
5604,43.5
5605,33.25
5606,42
5607,26.733325
5608,51.4
5609,59.5
5610,32.22223333333333
5611,42
5612,32
5613,42
5614,37
5615,25.444466666666667
5616,27
5617,27
5618,44.5
5619,57
5620,45.5
5621,37
5622,43.5
5623,47
5624,52
5625,33.5
5626,42
5627,47
5628,48.716660000000005
5629,21
5630,21
5631,42
5632,45.55
5633,23
5634,21
5635,28.5
5636,46
5637,36
5638,42
5639,26
5640,57
5641,52
5642,42
5643,37
5644,53.55333999999999
5645,52
5646,37
5647,27
5648,33.5
5649,43
5650,34.25
5651,52
5652,21
5653,39.5
5654,32
5655,21
5656,32
5657,36
5658,22
5659,45.333333333333336
5660,21
5661,42
5662,52
5663,39
5664,45.5
5665,57.333349999999996
5666,36
5667,20
5668,53.5
5669,32
5670,34.96
5671,29
5672,32
5673,30.25
5674,34.3125
5675,39.5
5676,52
5677,21
5678,37
5679,27
5680,37
5681,21
5682,40.333333333333336
5683,42
5684,35.73335
5685,27
5686,32
5687,37
5688,25.5
5689,47
5690,32.75
5691,21
5692,53.666666666666664
5693,37
5694,49.5
5695,37
5696,36.275
5697,67
5698,27
5699,36.6
5700,29.5
5701,37
5702,27
5703,27
5704,37
5705,50.166675
5706,37
5707,27
5708,52
5709,33.75
5710,27
5711,47
5712,33.5
5713,20.666666666666668
5714,37
5715,27
5716,37
5717,32
5718,57
5719,32
5720,21
5721,27
5722,57
5723,42
5724,42
5725,21
5726,27
5727,27
5728,32
5729,46.8
5730,52.125
5731,27
5732,27
5733,42
5734,32
5735,32
5736,38
5737,44
5738,18
5739,32
5740,34
5741,37
5742,21
5743,26
5744,52
5745,32
5746,54
5747,47
5748,42
5749,52
5750,36.333333333333336
5751,32
5752,42
5753,59.625
5754,42
5755,42
5756,43.5
5757,42
5758,52
5759,25.555566666666664
5760,21.25
5761,57
5762,47
5763,47
5764,33.5
5765,37
5766,37
5767,42
5768,33
5769,54.5
5770,27.75
5771,36.666666666666664
5772,32
5773,32
5774,21
5775,54.5
5776,37
5777,26
5778,52
5779,62
5780,40.93334
5781,42
5782,36
5783,63.666666666666664
5784,37
5785,33.944433333333336
5786,46.666666666666664
5787,57
5788,52
5789,33.5
5790,44.2
5791,27
5792,37
5793,32
5794,32
5795,37
5796,27
5797,35.944433333333336
5798,45
5799,21
5800,49.5
5801,34
5802,21
5803,32
5804,52
5805,37
5806,43
5807,37
5808,38.5
5809,41.666650000000004
5810,32
5811,26
5812,23.58335
5813,21
5814,42
5815,70
5816,37
5817,46
5818,52
5819,47
5820,59.666666666666664
5821,56.666666666666664
5822,42.5
5823,27
5824,43.5
5825,36
5826,48
5827,25
5828,57
5829,32
5830,27
5831,47
5832,62
5833,49
5834,47
5835,45
5836,44.5625
5837,49.444433333333336
5838,37
5839,47
5840,47
5841,21
5842,36.5
5843,19
5844,42
5845,47
5846,37
5847,32
5848,53
5849,21
5850,44.333333333333336
5851,36.875
5852,42
5853,62
5854,41
5855,43.5
5856,41.05
5857,47
5858,57
5859,47
5860,28
5861,49.73334
5862,27
5863,47
5864,41.5
5865,57
5866,42
5867,32
5868,30.083325000000002
5869,32
5870,27
5871,32
5872,25.416674999999998
5873,47
5874,62
5875,47
5876,52
5877,32
5878,52
5879,62
5880,43.5
5881,33.5
5882,37
5883,32
5884,26.666666666666668
5885,26.333333333333332
5886,47
5887,35.5
5888,32
5889,43.666666666666664
5890,42
5891,21
5892,42
5893,37
5894,61
5895,23
5896,42
5897,44
5898,27
5899,47.75
5900,47
5901,42.7
5902,57
5903,37
5904,32
5905,43.5
5906,42.666666666666664
5907,27
5908,37
5909,49.45
5910,38.333349999999996
5911,42
5912,33.666666666666664
5913,66
5914,34
5915,32
5916,34
5917,32
5918,27
5919,35.333333333333336
5920,32
5921,32
5922,36.5
5923,42.833333333333336
5924,24.66665
5925,16
5926,52
5927,44.5
5928,37
5929,37
5930,57
5931,42.305566666666664
5932,23.5
5933,53.5
5934,42
5935,53.5
5936,35.5
5937,43
5938,30
5939,44.5
5940,32
5941,37
5942,42.966660000000005
5943,52
5944,43.5
5945,52
5946,21
5947,21
5948,37
5949,23.27776666666667
5950,32
5951,26
5952,42
5953,32
5954,27
5955,19.5
5956,32
5957,52
5958,57
5959,42
5960,42
5961,21
5962,54.5
5963,32
5964,21
5965,52
5966,21
5967,46.333333333333336
5968,57
5969,57
5970,42
5971,21
5972,37
5973,27
5974,27
5975,16
5976,24.5
5977,27
5978,32.6
5979,21
5980,42
5981,32
5982,35
5983,36
5984,26
5985,57.666666666666664
5986,47
5987,26
5988,22
5989,27
5990,57
5991,23.666666666666668
5992,47
5993,47
5994,43.125
5995,47
5996,27
5997,67
5998,36
5999,26
6000,52
6001,21
6002,37
6003,47
6004,44.18035
6005,44.5
6006,62
6007,50.458325
6008,43.46666666666667
6009,57
6010,36.666666666666664
6011,20
6012,47
6013,32
6014,37
6015,42
6016,37
6017,32
6018,29.5
6019,43.5
6020,47
6021,21
6022,35.333333333333336
6023,42
6024,39.25
6025,32
6026,37
6027,39.5
6028,37
6029,47
6030,42
6031,27
6032,36
6033,27
6034,27
6035,21.833333333333332
6036,32
6037,21
6038,47
6039,27
6040,54.125
6041,59.5
6042,42
6043,50.25
6044,45.6667
6045,32
6046,27
6047,33.5
6048,57
6049,65.75
6050,47
6051,32
6052,34.13333333333333
6053,45.5
6054,32
6055,32.25
6056,52
6057,32
6058,63.5
6059,47
6060,45.255
6061,32
6062,67
6063,44.666666666666664
6064,35.125
6065,32
6066,61.833333333333336
6067,42.800000000000004
6068,54.5
6069,26
6070,51
6071,34.25
6072,37
6073,32
6074,42
6075,23.5
6076,52
6077,32
6078,23.25
6079,42
6080,39.166666666666664
6081,36
6082,27
6083,21
6084,25.25
6085,34.5
6086,47
6087,36.833325
6088,47
6089,56.5
6090,39.5
6091,16
6092,57
6093,34
6094,47
6095,21
6096,37
6097,27
6098,21
6099,33.5
6100,36
6101,55.375
6102,36
6103,41.555566666666664
6104,37
6105,33.6
6106,42
6107,52
6108,39.5
6109,47
6110,42
6111,17.75
6112,37
6113,27
6114,32
6115,27
6116,21
6117,37
6118,54.5
6119,24
6120,42
6121,37
6122,37
6123,10.5
6124,52
6125,57
6126,27
6127,53.5
6128,38.666666666666664
6129,54
6130,28.46665
6131,37
6132,32
6133,36.77776666666667
6134,30.666666666666668
6135,27
6136,24.666666666666668
6137,36
6138,32
6139,42.3333
6140,27
6141,27
6142,35.5
6143,52.75
6144,42
6145,42
6146,27
6147,43.06
6148,51.75
6149,23
6150,37
6151,48
6152,21
6153,52
6154,32.75
6155,44.5
6156,33.5
6157,52
6158,52
6159,57
6160,35.5
6161,37
6162,40.333333333333336
6163,43.5
6164,36
6165,32
6166,47
6167,26.333333333333332
6168,32
6169,42
6170,55.325
6171,47
6172,52
6173,52
6174,37
6175,22.5
6176,27
6177,36
6178,27
6179,37
6180,42
6181,33.5
6182,27
6183,45.625
6184,42
6185,32
6186,26.66665
6187,44.25
6188,50.4375
6189,43.5
6190,44.5
6191,27
6192,52
6193,42
6194,42
6195,27
6196,32
6197,32
6198,32
6199,23
6200,42
6201,37
6202,32
6203,49.5
6204,34.5
6205,41
6206,21.5
6207,44.5
6208,37
6209,32
6210,43.25
6211,57
6212,75
6213,21.666666666666668
6214,36.75
6215,47
6216,37
6217,21
6218,27
6219,27
6220,21
6221,52.75
6222,47
6223,44.75
6224,37
6225,47
6226,37
6227,33.75
6228,35.3125
6229,27
6230,43.5
6231,35.666666666666664
6232,32
6233,35.833349999999996
6234,27
6235,21
6236,21
6237,42
6238,38.5
6239,47
6240,31.6
6241,32
6242,35.666666666666664
6243,37
6244,37
6245,52
6246,33.5
6247,34.1
6248,57
6249,25.4
6250,37
6251,31
6252,54.75
6253,37
6254,42
6255,54.67999999999999
6256,42
6257,32
6258,27
6259,42
6260,46.666666666666664
6261,32
6262,35.75
6263,57
6264,24
6265,33.5
6266,27
6267,37
6268,21
6269,48.666666666666664
6270,42
6271,30.111100000000004
6272,37
6273,42
6274,32
6275,21
6276,23
6277,32
6278,42
6279,53.5
6280,27
6281,57
6282,21
6283,42
6284,44.916650000000004
6285,49.5
6286,54.5
6287,60.444433333333336
6288,47
6289,32
6290,53.5
6291,32
6292,40.5
6293,21
6294,40.333333333333336
6295,47
6296,27
6297,47
6298,53.5
6299,27
6300,32
6301,27
6302,57.5
6303,42
6304,42
6305,42
6306,57
6307,63.5
6308,43.65
6309,16
6310,51.25
6311,36
6312,32
6313,27
6314,27
6315,27
6316,52
6317,47
6318,62
6319,32
6320,42
6321,42
6322,42
6323,27
6324,42
6325,42
6326,37
6327,52
6328,52
6329,62
6330,21
6331,41.625
6332,42
6333,47
6334,54.7143
6335,52
6336,39.5
6337,42
6338,37
6339,45.833333333333336
6340,43
6341,52
6342,21.5
6343,57
6344,27
6345,33.5
6346,32
6347,47
6348,33
6349,48.666666666666664
6350,47
6351,47
6352,38
6353,36
6354,27
6355,32
6356,32
6357,32
6358,16
6359,22.5
6360,51
6361,42
6362,47
6363,32
6364,42
6365,21
6366,47
6367,21
6368,57
6369,53.5
6370,37
6371,27
6372,42
6373,54.5
6374,27
6375,52
6376,27
6377,45.166666666666664
6378,32
6379,46.5
6380,32
6381,37
6382,36
6383,47
6384,52
6385,23
6386,27
6387,42
6388,37
6389,37
6390,57
6391,38.166666666666664
6392,21.1
6393,34
6394,27
6395,32
6396,36
6397,46
6398,27
6399,56.333333333333336
6400,21
6401,42.333333333333336
6402,37
6403,37.25
6404,21
6405,27
6406,21.6889
6407,27
6408,37
6409,52
6410,52
6411,33.5
6412,52
6413,49.5
6414,42
6415,37
6416,27
6417,29.083333333333332
6418,50.75
6419,42
6420,33.5
6421,62
6422,42
6423,50.033339999999995
6424,37
6425,27.25
6426,25.5
6427,44.8
6428,21
6429,52
6430,25.166666666666668
6431,18.5
6432,47
6433,35.6667
6434,63.2
6435,13.5
6436,32
6437,47
6438,35.666666666666664
6439,27
6440,32
6441,56.333333333333336
6442,46.22223333333333
6443,37
6444,37
6445,47.375
6446,21
6447,27
6448,37
6449,21
6450,42
6451,37
6452,21
6453,21
6454,52
6455,51.333333333333336
6456,47
6457,37
6458,39.5
6459,34.875
6460,52
6461,42
6462,42
6463,42
6464,32
6465,32
6466,39.97142
6467,42
6468,37
6469,38.5
6470,37
6471,27
6472,21
6473,21
6474,21
6475,26.33335
6476,47
6477,21
6478,62
6479,21
6480,42
6481,16.5
6482,23
6483,36.666650000000004
6484,32
6485,37
6486,55.333333333333336
6487,52
6488,32
6489,36.666666666666664
6490,27.75
6491,42
6492,37
6493,42
6494,42
6495,45.333325
6496,32
6497,34.5
6498,46
6499,18.25
6500,44.666666666666664
6501,32
6502,38.25
6503,27.5
6504,52
6505,37
6506,56
6507,57
6508,31.583325000000002
6509,21
6510,47
6511,23
6512,52
6513,32
6514,43.5
6515,62
6516,26.083325000000002
6517,21
6518,37
6519,51
6520,32
6521,55.666666666666664
6522,24
6523,42.5
6524,37
6525,37
6526,42
6527,32
6528,47
6529,59.5
6530,16
6531,54.75
6532,36.733320000000006
6533,28.25
6534,27
6535,43.5
6536,46
6537,29
6538,59.666666666666664
6539,37
6540,42
6541,57
6542,47
6543,37
6544,40.333333333333336
6545,21
6546,52
6547,24.388899999999996
6548,37
6549,32
6550,32
6551,21
6552,57
6553,42
6554,34.25
6555,57
6556,42
6557,43.5
6558,27
6559,32
6560,42
6561,26
6562,32
6563,55.5
6564,58
6565,38.5
6566,27
6567,21
6568,21
6569,26.66665
6570,57
6571,37
6572,34.166666666666664
6573,75
6574,42
6575,57
6576,44.5
6577,70
6578,27
6579,57
6580,34.25
6581,52
6582,32
6583,44.25
6584,52
6585,42
6586,44.25
6587,40.25
6588,57
6589,57
6590,32
6591,32.75
6592,37
6593,21
6594,32
6595,46.5
6596,36
6597,21
6598,33.6125
6599,52
6600,44.35
6601,25
6602,21
6603,27
6604,32
6605,37
6606,42
6607,32
6608,21
6609,27
6610,57
6611,59.333349999999996
6612,46
6613,64.5
6614,58.5
6615,43.5
6616,34.5
6617,32
6618,52
6619,39.5
6620,32
6621,21
6622,47
6623,32
6624,32
6625,21.25
6626,52
6627,23
6628,57
6629,32
6630,37
6631,47
6632,29.5
6633,27
6634,47
6635,42
6636,38.25
6637,8
6638,33
6639,32
6640,36.333349999999996
6641,34.25
6642,53.25
6643,39.666666666666664
6644,36
6645,40.944433333333336
6646,33
6647,56
6648,46
6649,52
6650,42
6651,27
6652,47
6653,21
6654,32.375
6655,41.75
6656,21
6657,21
6658,33.5
6659,27
6660,37
6661,52
6662,39.25
6663,21
6664,27
6665,26.555566666666664
6666,43.5
6667,37
6668,40.9375
6669,53.666666666666664
6670,52
6671,32
6672,47
6673,27
6674,27
6675,41.3333
6676,47
6677,47
6678,25
6679,59.5
6680,52
6681,52
6682,21
6683,27
6684,10.333325
6685,35
6686,21
6687,53.25
6688,32
6689,27
6690,43
6691,27
6692,39.5
6693,37
6694,21
6695,21.75
6696,42
6697,42.333333333333336
6698,42
6699,32
6700,35.666666666666664
6701,33.5
6702,37
6703,34
6704,37
6705,16
6706,51.43334
6707,32
6708,57
6709,51
6710,52
6711,24.5
6712,37
6713,47
6714,25.5
6715,54.5
6716,42
6717,27
6718,32
6719,57
6720,42
6721,42
6722,32
6723,33.5
6724,37
6725,35.333333333333336
6726,47
6727,26
6728,52
6729,21
6730,32
6731,37
6732,42.75
6733,57
6734,26
6735,27
6736,47
6737,67
6738,42
6739,43.947925
6740,28.375
6741,41.25
6742,32
6743,52
6744,32
6745,42
6746,32
6747,47
6748,23.5
6749,27
6750,42
6751,53.5
6752,56.555566666666664
6753,35.5
6754,49.166650000000004
6755,53.5
6756,42
6757,37
6758,57
6759,47
6760,37
6761,34.5
6762,45.7
6763,47
6764,57
6765,36
6766,47
6767,37.80666
6768,36.125
6769,27
6770,55.333333333333336
6771,32
6772,52
6773,37
6774,51.333333333333336
6775,67
6776,39.78
6777,37
6778,33.5
6779,34.166666666666664
6780,21
6781,42
6782,33.5
6783,33.583333333333336
6784,42
6785,32
6786,47
6787,37
6788,21
6789,32
6790,52.833333333333336
6791,21
6792,49.5
6793,27
6794,36.4
6795,52
6796,41
6797,45.666666666666664
6798,54.25
6799,47
6800,37
6801,57
6802,43.5
6803,32
6804,37
6805,37
6806,23
6807,47
6808,47
6809,42
6810,27
6811,52
6812,21
6813,37
6814,50.833349999999996
6815,32
6816,34.75
6817,32
6818,49.5
6819,42
6820,42
6821,48
6822,33
6823,37
6824,21
6825,27
6826,32
6827,43.833333333333336
6828,35.5
6829,52
6830,34.5
6831,36
6832,37
6833,52
6834,32
6835,47
6836,52
6837,37
6838,37
6839,47
6840,65.5
6841,21
6842,42
6843,23
6844,62
6845,35.333333333333336
6846,22
6847,42
6848,21
6849,32
6850,48.666666666666664
6851,32
6852,27
6853,35.916675
6854,52
6855,32.75
6856,37
6857,47
6858,21
6859,27
6860,47
6861,33.5
6862,41
6863,32
6864,45.666666666666664
6865,21
6866,57
6867,47
6868,27
6869,21
6870,37
6871,56.555566666666664
6872,42
6873,20.25
6874,37
6875,42
6876,52
6877,46.666675
6878,42
6879,21
6880,22.5111
6881,58.333333333333336
6882,21
6883,37
6884,46
6885,52
6886,21
6887,40.166666666666664
6888,26.75
6889,57
6890,37
6891,27
6892,13
6893,75
6894,32
6895,32
6896,47
6897,35.9
6898,47
6899,16
6900,43.65
6901,27
6902,47
6903,57
6904,56.5
6905,52
6906,24.666666666666668
6907,52.966660000000005
6908,27
6909,16
6910,37
6911,35.09523333333333
6912,27
6913,30.333333333333332
6914,42
6915,27
6916,27
6917,43.666666666666664
6918,13
6919,43.666666666666664
6920,32
6921,37
6922,47
6923,37
6924,35.208325
6925,41.25
6926,26.66665
6927,28.666666666666668
6928,55.5
6929,56
6930,36
6931,21
6932,26.333333333333332
6933,42
6934,42
6935,42.3333
6936,40.75
6937,46
6938,43.5
6939,56.333333333333336
6940,37.75
6941,47
6942,57
6943,52
6944,27
6945,57
6946,57
6947,52
6948,46.666666666666664
6949,47
6950,32
6951,33.5
6952,32
6953,43.5
6954,44.3
6955,32
6956,27
6957,22.333333333333332
6958,42
6959,52.2
6960,21
6961,37
6962,60.333333333333336
6963,36.77776666666667
6964,46.5
6965,52
6966,52
6967,27
6968,37
6969,38.333333333333336
6970,37
6971,34.25
6972,13
6973,44
6974,19.5
6975,42.75
6976,36
6977,41.333349999999996
6978,27.333333333333332
6979,52
6980,36
6981,42
6982,27
6983,42
6984,27
6985,27
6986,38.5
6987,32
6988,57.720000000000006
6989,27
6990,32
6991,27
6992,32
6993,37
6994,21
6995,42.75
6996,26
6997,47
6998,47
6999,26
7000,32
7001,36
7002,47
7003,37
7004,55
7005,47
7006,42
7007,27
7008,32
7009,27
7010,52
7011,42
7012,32
7013,45.333333333333336
7014,37
7015,27
7016,27
7017,43.833333333333336
7018,56
7019,36
7020,27
7021,43.5
7022,42
7023,54.666666666666664
7024,52
7025,42
7026,46
7027,37
7028,35.31428
7029,47
7030,23.5
7031,64.25
7032,27
7033,32
7034,42
7035,47
7036,37
7037,32
7038,53.5
7039,47
7040,42
7041,37
7042,43.5
7043,47
7044,27
7045,42
7046,32
7047,50.25
7048,42
7049,62
7050,42
7051,35.666666666666664
7052,27
7053,56.5
7054,32
7055,27
7056,46
7057,21
7058,40.083325
7059,75
7060,32
7061,32.75
7062,32
7063,32
7064,32
7065,32
7066,27
7067,37
7068,42
7069,52
7070,52
7071,27
7072,21
7073,36.666666666666664
7074,33.5
7075,32
7076,37
7077,52
7078,47
7079,35.166666666666664
7080,34.5
7081,47
7082,42
7083,28.666666666666668
7084,43.625
7085,53.5
7086,52
7087,60.5
7088,27
7089,35.13333333333333
7090,32
7091,21
7092,52.75
7093,53.125
7094,27
7095,27
7096,39.25
7097,52
7098,21
7099,30.833333333333332
7100,43.5
7101,56
7102,58.875
7103,53.5
7104,32
7105,23.666666666666668
7106,27
7107,52
7108,27
7109,37
7110,47
7111,42
7112,32
7113,57
7114,37
7115,27
7116,35.5
7117,52
7118,48.5
7119,47
7120,27
7121,27
7122,54.375
7123,43.0625
7124,47
7125,52
7126,27
7127,53.5
7128,27.666666666666668
7129,40.40858
7130,42
7131,33.5
7132,32
7133,42
7134,52
7135,56
7136,30.166666666666668
7137,52
7138,21
7139,36
7140,32
7141,0
7142,37
7143,37
7144,47
7145,47
7146,57
7147,21
7148,32
7149,35.25
7150,44
7151,42.6
7152,42
7153,27
7154,52
7155,47
7156,21
7157,42
7158,37
7159,39.333333333333336
7160,37
7161,45.5
7162,32
7163,50.666666666666664
7164,44.625
7165,37
7166,47
7167,42
7168,42
7169,34.75
7170,46
7171,42
7172,52
7173,36
7174,32
7175,52
7176,27
7177,37
7178,43.5
7179,32
7180,21.5
7181,42
7182,22.5
7183,52.9375
7184,34
7185,37
7186,32
7187,38.5
7188,47
7189,38.4
7190,32
7191,21
7192,37.4889
7193,32
7194,37
7195,37
7196,21
7197,42
7198,42
7199,52
7200,54.5
7201,53
7202,57
7203,32
7204,37
7205,47
7206,26.15475
7207,21
7208,57
7209,55.333333333333336
7210,52
7211,47
7212,53.5
7213,44.666666666666664
7214,43.5
7215,37
7216,62
7217,32
7218,33.5
7219,28.208325000000002
7220,47
7221,21
7222,37
7223,33.5
7224,35.5
7225,37
7226,23
7227,47
7228,32
7229,42
7230,35.5
7231,53.5
7232,37
7233,42
7234,47
7235,42
7236,37
7237,47
7238,42
7239,27
7240,27
7241,54.25
7242,52
7243,52.083333333333336
7244,32
7245,24.666666666666668
7246,43.333333333333336
7247,21.666666666666668
7248,52
7249,54.5
7250,52
7251,35.333325
7252,42
7253,37
7254,27
7255,46
7256,32
7257,27
7258,37
7259,33.25
7260,35.1
7261,52
7262,52
7263,37
7264,43
7265,28.5
7266,48.25
7267,57
7268,32
7269,35.5
7270,53
7271,42
7272,23
7273,29.666666666666668
7274,27
7275,32.65
7276,47
7277,30.6
7278,37
7279,42
7280,38.1111
7281,57
7282,34.5
7283,32
7284,53
7285,50
7286,21
7287,47
7288,37.5
7289,42
7290,45.8
7291,27
7292,29.5
7293,21
7294,32
7295,42
7296,21
7297,40.666650000000004
7298,27
7299,32
7300,32
7301,27
7302,32
7303,32
7304,43.5
7305,37
7306,27
7307,21
7308,40.04334
7309,45.5
7310,37
7311,32
7312,21
7313,37
7314,37
7315,21
7316,38.666666666666664
7317,42
7318,32
7319,27
7320,34.666666666666664
7321,37
7322,27
7323,43.5
7324,21
7325,42
7326,35.5
7327,52
7328,46.5
7329,52
7330,32
7331,21
7332,47
7333,43.0625
7334,32
7335,42
7336,37
7337,35.5
7338,47
7339,42
7340,45.8
7341,32
7342,57
7343,36
7344,52
7345,32
7346,52
7347,27
7348,28.22223333333333
7349,32
7350,27
7351,43.458333333333336
7352,16
7353,27
7354,42
7355,37
7356,21
7357,42
7358,44.5
7359,21
7360,50.916675
7361,40.25
7362,21
7363,21
7364,27
7365,42
7366,21
7367,37
7368,42
7369,35.666666666666664
7370,27
7371,42
7372,24
7373,55.866675
7374,37
7375,45.77776666666667
7376,42
7377,27
7378,57
7379,39.5
7380,42
7381,35.333333333333336
7382,37
7383,32
7384,27
7385,21
7386,27
7387,63.5
7388,44.5
7389,25
7390,42
7391,47
7392,48.666666666666664
7393,57
7394,32
7395,52
7396,36.666666666666664
7397,24
7398,24.25
7399,27
7400,42
7401,37
7402,21
7403,53.5
7404,37
7405,42
7406,34.75
7407,21
7408,52.5
7409,53.5
7410,27
7411,52
7412,37
7413,52
7414,32
7415,67
7416,21
7417,27
7418,34
7419,37
7420,32
7421,52
7422,27
7423,51.333349999999996
7424,16.5
7425,37
7426,21
7427,27
7428,27
7429,49.5
7430,27
7431,27
7432,52
7433,25.5
7434,36.3333
7435,57
7436,52.875
7437,33.5
7438,57
7439,52
7440,33.5
7441,37
7442,21
7443,52
7444,37
7445,23
7446,16
7447,50.75
7448,34.5
7449,27
7450,38.666666666666664
7451,46
7452,32
7453,27
7454,27
7455,43.5
7456,39
7457,57
7458,37
7459,27
7460,52
7461,24.5
7462,36
7463,32
7464,32
7465,38.625
7466,39.5
7467,36
7468,35.5
7469,27
7470,34.5
7471,27
7472,39.5
7473,38
7474,56.3333
7475,27
7476,32
7477,32
7478,70
7479,47
7480,27
7481,26.5
7482,37
7483,49.5
7484,46
7485,52
7486,26
7487,37
7488,57
7489,43.5
7490,57
7491,47
7492,21
7493,27
7494,52
7495,36.5
7496,27
7497,37
7498,23.9375
7499,37
7500,27
7501,43
7502,42
7503,35.5
7504,37
7505,32
7506,42
7507,27
7508,27
7509,57
7510,32
7511,21
7512,52
7513,47
7514,42
7515,32
7516,37
7517,27
7518,57
7519,42
7520,32
7521,32.75
7522,21
7523,65
7524,38.833349999999996
7525,18.5
7526,27
7527,27
7528,18.75
7529,27
7530,46
7531,32
7532,36
7533,52
7534,32
7535,27
7536,37
7537,21
7538,19.833333333333332
7539,27
7540,34.5
7541,32
7542,32
7543,42
7544,16
7545,42
7546,21
7547,50.625
7548,32
7549,42
7550,27
7551,47
7552,32.75
7553,21
7554,43.5
7555,33.5
7556,21
7557,42
7558,39.5
7559,33
7560,37
7561,46
7562,37
7563,47
7564,52
7565,42
7566,27
7567,57
7568,27
7569,37
7570,33.5
7571,55.75
7572,43.5
7573,36
7574,53.55
7575,37
7576,42
7577,34
7578,25.6667
7579,24
7580,52
7581,24
7582,42
7583,36.666650000000004
7584,42
7585,27
7586,61.783339999999995
7587,33
7588,36.666666666666664
7589,37
7590,32
7591,32
7592,36
7593,50.76666
7594,32.875
7595,27
7596,44.5
7597,56.291675
7598,52
7599,27
7600,35.5
7601,32
7602,39
7603,52
7604,37
7605,47
7606,26.033325
7607,47
7608,37
7609,32
7610,43.525
7611,32
7612,27
7613,32
7614,42
7615,27
7616,62
7617,27
7618,52
7619,35.333349999999996
7620,38.666666666666664
7621,32
7622,48
7623,37
7624,37
7625,42
7626,45.333333333333336
7627,27
7628,32
7629,52
7630,54.035725
7631,27
7632,42
7633,27
7634,32
7635,27
7636,26
7637,27
7638,36.125
7639,37
7640,52
7641,44.025
7642,31
7643,37
7644,42.3
7645,41.733320000000006
7646,42.5
7647,42
7648,36.166650000000004
7649,37
7650,37
7651,27
7652,23.833325000000002
7653,23
7654,32
7655,32
7656,39.5
7657,27
7658,45.61665
7659,52
7660,47
7661,45.333333333333336
7662,57
7663,44.81666666666666
7664,35.14286
7665,21
7666,37
7667,27
7668,21
7669,42
7670,42
7671,32
7672,30.25
7673,44.5
7674,32.75
7675,42
7676,32
7677,21
7678,37
7679,26
7680,52
7681,52
7682,25.11113333333333
7683,47
7684,52
7685,21
7686,52
7687,42
7688,29
7689,26
7690,42
7691,21.5
7692,50.3125
7693,62
7694,67
7695,42
7696,57
7697,42
7698,27
7699,21
7700,24
7701,44.666666666666664
7702,37
7703,36.833333333333336
7704,27
7705,47
7706,43.760000000000005
7707,35.666666666666664
7708,37
7709,42
7710,27
7711,36.555566666666664
7712,43.5
7713,32
7714,21
7715,42
7716,37
7717,32
7718,47
7719,41.8889
7720,46
7721,47
7722,21
7723,42
7724,48
7725,52
7726,42
7727,27
7728,41.166675
7729,33.1508
7730,27
7731,26
7732,27.666674999999998
7733,26.205550000000002
7734,37
7735,36
7736,21
7737,47
7738,52.75
7739,51.427780000000006
7740,27
7741,21
7742,42
7743,55.6667
7744,21
7745,27
7746,24
7747,37
7748,32
7749,32
7750,35.333333333333336
7751,47
7752,21
7753,42.75
7754,20
7755,37
7756,21
7757,42
7758,39.5
7759,33.333333333333336
7760,36
7761,32.5
7762,26
7763,23
7764,47
7765,27
7766,33.666666666666664
7767,37
7768,43.5
7769,36.666666666666664
7770,37
7771,42
7772,52
7773,21
7774,38.625
7775,62
7776,42
7777,42
7778,37
7779,38.22223333333333
7780,21
7781,52
7782,23.25
7783,37
7784,37
7785,29.5
7786,44.25
7787,37
7788,47
7789,50.75
7790,27
7791,30.5
7792,24
7793,27
7794,37
7795,42
7796,32.5
7797,29.5
7798,42
7799,27
7800,44.583325
7801,33.5
7802,42
7803,37
7804,37
7805,45.75
7806,47
7807,21
7808,34.25
7809,23
7810,47
7811,39.5
7812,57
7813,37
7814,37
7815,32
7816,21
7817,35.125
7818,53.5
7819,21
7820,32.75
7821,21
7822,52
7823,27
7824,27
7825,43.5
7826,46
7827,19.2727
7828,62
7829,23
7830,34.64
7831,21.5
7832,36.333349999999996
7833,44.5
7834,27
7835,39.844433333333335
7836,32
7837,47
7838,38.8857
7839,42
7840,37
7841,21
7842,42
7843,47
7844,21
7845,27
7846,31
7847,21
7848,23.666666666666668
7849,37
7850,27
7851,32
7852,47
7853,21
7854,42.75
7855,32
7856,37
7857,42
7858,37
7859,52
7860,32
7861,42
7862,37
7863,21
7864,42
7865,47
7866,37
7867,23
7868,37
7869,40.333333333333336
7870,47
7871,37
7872,27
7873,52
7874,42
7875,38.25
7876,32
7877,32.5
7878,67
7879,36.333333333333336
7880,32
7881,43.5
7882,32
7883,43.19
7884,30
7885,43.5
7886,36.333333333333336
7887,27
7888,32
7889,19
7890,36
7891,27
7892,27
7893,43.5
7894,37
7895,36
7896,21
7897,46
7898,21
7899,42
7900,42
7901,55.75
7902,37
7903,37
7904,32
7905,37
7906,33.5
7907,28.22223333333333
7908,28.583325000000002
7909,37
7910,27
7911,42
7912,42
7913,51.333333333333336
7914,32
7915,33.5
7916,42
7917,39.25
7918,36.333333333333336
7919,21
7920,36.333333333333336
7921,27
7922,35.666666666666664
7923,37
7924,52
7925,32
7926,21
7927,27
7928,42
7929,27
7930,37
7931,37
7932,46.23334
7933,39.5
7934,27
7935,47
7936,27.333333333333332
7937,37
7938,27
7939,52
7940,53.56
7941,47
7942,42
7943,37
7944,33.5
7945,42
7946,37
7947,36
7948,43.5
7949,47
7950,21
7951,27
7952,47
7953,33.5
7954,47
7955,27
7956,34.5
7957,52
7958,37
7959,51.25
7960,42
7961,45.166666666666664
7962,32
7963,32
7964,46
7965,39.5
7966,42
7967,26
7968,34
7969,42
7970,37
7971,43.22223333333333
7972,43.5
7973,42
7974,62
7975,57
7976,52.125
7977,49.5
7978,42.75
7979,32
7980,35.333333333333336
7981,42
7982,32
7983,57
7984,34
7985,42.333333333333336
7986,32
7987,32
7988,36
7989,42
7990,37
7991,62
7992,42
7993,47
7994,47
7995,47
7996,16.5
7997,43.5
7998,52
7999,32
8000,36
8001,37
8002,27
8003,21
8004,47
8005,54.5
8006,49
8007,42.333333333333336
8008,37
8009,47
8010,21
8011,27
8012,37
8013,32
8014,71
8015,52
8016,21
8017,21
8018,67
8019,30
8020,27
8021,43.5
8022,37
8023,27
8024,32
8025,21
8026,21
8027,42
8028,37
8029,27
8030,32
8031,27
8032,42.16666
8033,21
8034,32
8035,47
8036,27
8037,37
8038,21
8039,27
8040,32
8041,27
8042,32
8043,37
8044,42
8045,32
8046,32.75
8047,35.746660000000006
8048,27
8049,28.5
8050,42
8051,52
8052,32
8053,33.5
8054,42
8055,37
8056,33.5
8057,43.2
8058,32
8059,37
8060,32.75
8061,52
8062,33.666666666666664
8063,45.333325
8064,32
8065,47
8066,29.5
8067,36.333349999999996
8068,21
8069,37
8070,42
8071,21
8072,32
8073,21
8074,35.916675
8075,32
8076,42
8077,27
8078,56
8079,37
8080,37
8081,29.833333333333332
8082,57
8083,47
8084,31
8085,42
8086,37
8087,57
8088,27
8089,44.5
8090,21
8091,52
8092,42
8093,32
8094,27
8095,52
8096,24.83335
8097,47
8098,35
8099,27
8100,42
8101,21
8102,36
8103,37
8104,32.33334
8105,27
8106,42
8107,37
8108,32
8109,47
8110,47.25
8111,47
8112,23.666666666666668
8113,37
8114,25.2857
8115,37
8116,27
8117,47
8118,32
8119,56.666666666666664
8120,57
8121,29.433325
8122,27
8123,47
8124,27
8125,41.666650000000004
8126,32
8127,31.111100000000004
8128,52
8129,42
8130,27
8131,35.5
8132,73.5
8133,42
8134,26.333333333333332
8135,32
8136,21
8137,47
8138,40.333333333333336
8139,35.333333333333336
8140,42.75
8141,42
8142,32
8143,29.5
8144,52
8145,33.5
8146,37
8147,32
8148,27
8149,43.5
8150,44.333333333333336
8151,33.333333333333336
8152,27
8153,32
8154,46
8155,57
8156,42.375
8157,46
8158,41.2
8159,32
8160,39.5
8161,47
8162,37
8163,27
8164,37
8165,32
8166,47
8167,23
8168,32
8169,37
8170,37
8171,25
8172,37
8173,37
8174,21
8175,45.704175
8176,54
8177,54.5
8178,21
8179,47
8180,27
8181,21
8182,37.4
8183,48
8184,57
8185,32
8186,44.5
8187,57
8188,37
8189,54.333333333333336
8190,23
8191,48.666666666666664
8192,52
8193,57
8194,37
8195,37
8196,42
8197,21
8198,27
8199,42
8200,21
8201,43.5
8202,27
8203,53.875
8204,27
8205,36.166675
8206,47
8207,32
8208,33
8209,62
8210,47
8211,27
8212,43.5
8213,62.5
8214,47
8215,28.044433333333334
8216,42
8217,33.5
8218,55.25
8219,36.35556666666667
8220,47
8221,37.75
8222,57
8223,37
8224,37
8225,37
8226,42
8227,21
8228,37
8229,21
8230,37
8231,27
8232,37
8233,18.25
8234,21
8235,42.75
8236,44.25
8237,54.800000000000004
8238,36
8239,37
8240,37
8241,37
8242,32
8243,42
8244,53.5
8245,43.260000000000005
8246,42
8247,37
8248,32
8249,21
8250,37
8251,32
8252,47
8253,36
8254,57
8255,43.5
8256,34.6
8257,36
8258,62
8259,42.875
8260,60.8
8261,13
8262,54.5
8263,50.375
8264,42
8265,57
8266,47
8267,34
8268,33.95
8269,56.5
8270,47
8271,36
8272,27
8273,35.5
8274,33.5
8275,46.525
8276,57
8277,52.8889
8278,57
8279,52
8280,32
8281,52
8282,42
8283,21
8284,36.81428
8285,37
8286,47
8287,47
8288,37
8289,27
8290,52
8291,37
8292,21
8293,21
8294,43.5
8295,42
8296,47
8297,32.666666666666664
8298,27
8299,21
8300,44
8301,32
8302,42.5
8303,19
8304,36
8305,24.916674999999998
8306,43.666650000000004
8307,67
8308,27
8309,52
8310,32.666666666666664
8311,47
8312,27
8313,31.111100000000004
8314,27
8315,42
8316,52
8317,55.5
8318,32.75
8319,27
8320,42
8321,47
8322,27
8323,32
8324,67
8325,36
8326,41
8327,37
8328,47
8329,37
8330,42.925
8331,32
8332,32
8333,52
8334,57
8335,29.5
8336,45.333333333333336
8337,27
8338,32
8339,37
8340,30.333333333333332
8341,42
8342,52
8343,42
8344,37
8345,47
8346,52
8347,27
8348,37
8349,37
8350,37
8351,62
8352,27
8353,33.5
8354,42
8355,37
8356,42
8357,43.5
8358,27
8359,42
8360,42
8361,37
8362,32
8363,21
8364,47
8365,55.583325
8366,57.916650000000004
8367,34.625
8368,33.5
8369,34.25
8370,36
8371,65.33335
8372,37
8373,25.023799999999998
8374,32
8375,32
8376,27
8377,37
8378,47
8379,57
8380,47
8381,21
8382,21
8383,36.333349999999996
8384,61
8385,25.5
8386,42
8387,37
8388,32
8389,53.5
8390,21
8391,39
8392,27
8393,57
8394,29.666666666666668
8395,33.5
8396,33.5
8397,36
8398,44.75
8399,21
8400,44.25
8401,37
8402,37
8403,45.166666666666664
8404,55.666666666666664
8405,45.333333333333336
8406,42
8407,52
8408,52
8409,42
8410,42
8411,37
8412,42
8413,37
8414,42
8415,37
8416,45.25
8417,61
8418,0
8419,32
8420,52
8421,37
8422,36
8423,22.83335
8424,37
8425,27
8426,52.239999999999995
8427,37
8428,42
8429,36.63334
8430,42
8431,47
8432,39.5
8433,21
8434,47
8435,42
8436,42.4375
8437,37
8438,53.666666666666664
8439,27
8440,47
8441,27
8442,42
8443,54.65
8444,43.5
8445,42
8446,52
8447,41.5
8448,21
8449,42
8450,54.25
8451,52
8452,27
8453,37
8454,46
8455,45.5
8456,47
8457,62
8458,38.666650000000004
8459,32
8460,27
8461,21
8462,43.5
8463,21
8464,32
8465,46
8466,52
8467,42
8468,37
8469,47
8470,37
8471,42
8472,26
8473,42
8474,27
8475,27
8476,27
8477,47
8478,52
8479,27
8480,45.266679999999994
8481,16.5
8482,44.5
8483,46
8484,35.8889
8485,21
8486,52
8487,27
8488,36
8489,42
8490,33.666666666666664
8491,42.5
8492,44.666666666666664
8493,43.5
8494,32
8495,27
8496,62
8497,34.5
8498,40.5
8499,56.333333333333336
8500,27
8501,64.33335
8502,47
8503,32
8504,47
8505,70
8506,48.9
8507,37
8508,38.5
8509,56.5
8510,44.59334
8511,39.555566666666664
8512,27
8513,43.5
8514,57
8515,32
8516,52
8517,42
8518,53.5
8519,29.666666666666668
8520,45.25
8521,44.916666666666664
8522,45.225
8523,42
8524,47
8525,27
8526,43.5
8527,43.5
8528,42
8529,21
8530,37
8531,37
8532,35.666666666666664
8533,47
8534,62
8535,43.041675
8536,47
8537,33.5
8538,37
8539,32
8540,52
8541,47
8542,27
8543,42
8544,37
8545,34.46666666666667
8546,42
8547,32
8548,27
8549,47
8550,42.333333333333336
8551,57
8552,27
8553,47
8554,47.8
8555,38.77776666666667
8556,32
8557,57
8558,37
8559,54.25
8560,47
8561,42
8562,36
8563,23
8564,47
8565,59.5
8566,57
8567,27
8568,34.25
8569,37
8570,37
8571,52
8572,27
8573,44.5
8574,42.833349999999996
8575,42
8576,42
8577,37
8578,37
8579,32
8580,53.2
8581,43.5
8582,32
8583,29.5
8584,37
8585,36.49998000000001
8586,32
8587,39
8588,42
8589,33.375
8590,47
8591,52
8592,46
8593,36.5
8594,36
8595,32
8596,27
8597,33.166666666666664
8598,47
8599,29.5
8600,21.5
8601,42.8
8602,50.166675
8603,35.75
8604,52
8605,22.5
8606,36
8607,30.833333333333332
8608,66
8609,47
8610,32
8611,32
8612,31.5
8613,61
8614,21
8615,47
8616,26.3333
8617,21
8618,32
8619,18.75
8620,35.555566666666664
8621,33.125
8622,35.333333333333336
8623,52
8624,32
8625,37
8626,56
8627,55.875
8628,38.5
8629,25.75
8630,27
8631,37
8632,37
8633,32
8634,27
8635,32
8636,48.25
8637,18.4
8638,45.758325
8639,32
8640,44.5
8641,26
8642,32.5
8643,56
8644,37
8645,33.5
8646,23
8647,52
8648,44.8
8649,45.6
8650,32
8651,52
8652,37
8653,32
8654,38.25
8655,47
8656,36
8657,33.52976666666667
8658,37
8659,47
8660,26.333333333333332
8661,38.5
8662,32
8663,47
8664,47
8665,21
8666,37
8667,47
8668,47
8669,30.2
8670,42
8671,43.5
8672,32
8673,45.86666
8674,28
8675,45.25
8676,30.83335
8677,42
8678,21
8679,53.5
8680,36
8681,42
8682,23.875
8683,62
8684,23
8685,21
8686,36
8687,45.333349999999996
8688,45.333349999999996
8689,53.5
8690,43.5
8691,52
8692,39.5
8693,42
8694,32
8695,27
8696,32
8697,54.25
8698,47
8699,57
8700,37
8701,33.666666666666664
8702,27
8703,31
8704,42
8705,21
8706,28.666666666666668
8707,38.5
8708,26.333333333333332
8709,27
8710,41.33334
